AppID,Game Name,Release Date,Developer,Genres,Price ($),Recommendations
2603190,Don't Wake Me Up,"Feb 1, 2024",Hosted Games,"Adventure, Indie, RPG",7.99,N/A
2603210,On the Run: Rogue Heroes,"Mar 21, 2024",Choice of Games,"Adventure, Indie, RPG",5.99,N/A
2603380,Super Jump Guys,Coming soon,Nathan Prince,"Action, Adventure, Casual, Indie",Free,N/A
2603430,Shell's Kitchen,"Nov 24, 2023",Stupid Town,"Casual, Indie",Free,N/A
2603440,My Pretty Neighbor Chloe,"Oct 21, 2023",simplecakestudio,Indie,2.99,N/A
2603450,Tank War Shooting Simulator,"Sep 29, 2023","Yusuf Islam Seyhan, Samet Acar","Action, Indie, Simulation, Strategy",0.99,N/A
2603550,Eclipse 2: Invasion of Darkness,Q4 2025,MadRock,"Action, Adventure, Indie, RPG",Free,N/A
2603590,Runemancer,"Dec 7, 2023",Pixel Army Games,"Casual, Indie, RPG, Strategy",1.99,N/A
2602760,Crypt's Rend,Coming soon,ちまラボ,"Adventure, Indie, RPG",Free,N/A
2602770,MAOUISHO:~ La Dolce Vita with Another World's Demon Lord~,"Aug 9, 2024",ボウサバG,"Casual, Indie, RPG, Simulation",24.99,N/A
2602790,Above the Hill,"Jan 5, 2024",M.Mustapha Hadi,"Adventure, Indie",2.49,N/A
2602830,Timagi,Coming soon,Qurilla Studios,"Action, Adventure, Indie, RPG",Free,N/A
2602890,Forest Jump,"Oct 17, 2023",HYUN,"Action, Adventure, Casual, Indie, Simulation, Sports",4.99,N/A
2603000,Cursed Silence,Coming soon,Marco Brunetti,"Action, Adventure, Indie",Free,N/A
2603020,Citadelum,"Oct 17, 2024",Abylight Barcelona,"Indie, Simulation, Strategy",24.99,297
2603130,Halloween Games for Toddlers and Kids,"Sep 29, 2023",McPeppergames,"Casual, Indie",6.29,N/A
2602170,Astro Link Demo,"Sep 18, 2023",Zachary Losier,"Action, Adventure, Indie, Strategy",Free,N/A
2602200,Treasure Dive,To be announced,Ilikeoreos47,"Casual, Indie",Free,N/A
2602210,Retro Mystery Club Vol.2: The Beppu Case,"Apr 3, 2024","Happymeal, Undercoders","Adventure, Indie",9.99,N/A
2602220,Firebowl,Coming soon,Gaviota Games Studio,"Casual, Indie, Sports",Free,N/A
2602230,MOTIONREC,2025,HANDSUM,"Action, Adventure, Casual, Indie",Free,N/A
2602270,Puma: the Cat,"Nov 8, 2023",Danta Game Studio,"Adventure, Casual, Indie",2.99,N/A
2602310,铲屎官兼侦探-Cat Detective,"Oct 24, 2023",橙光游戏,"Adventure, Casual, Indie, RPG, Strategy",5.99,N/A
2602380,별을 좇는 까마귀(To The Star),"Nov 12, 2023","Lee Jimin, Na Dan, Lee Uihwan, Rhee Inyoung",Indie,Free,N/A
2602390,Impossible Game,Coming soon,Yggdrasil Games,"Casual, Indie",Free,N/A
2602410,Crashimals,Coming soon,Landen Bonnette,"Action, Indie",Free,N/A
2602500,Enci's Solution,To be announced,Dark Emerald Studios,"Action, Adventure, Indie",Free,N/A
2602530,W.I.T.S: INITIATION,"Jun 17, 2024",Rashidi Interactive,Indie,8.99,N/A
2602550,田园画境 Pastoral,"Nov 10, 2023",Easy Joy,"Casual, Indie, Simulation",2.99,N/A
2602570,Sex Play - Naughty Doctor,"Sep 24, 2023",EroticGamesClub,"Casual, Indie, Simulation",1.99,N/A
2601640,Sporeborn Dark,"Sep 19, 2024",ValiantLight,"Action, Adventure, Indie, Simulation",7.49,N/A
2601740,Drive Up,"Nov 2, 2023",Astrasoft,"Action, Adventure, Casual, Indie, Racing, Simulation",4.99,N/A
2601840,Paper Play VR,2024,Studio Moondowner,"Action, Casual, Indie, Simulation, Sports, Early Access",Free,N/A
2601850,Ball Hentai Puzzle,"Nov 3, 2023",NewAddict,"Action, Casual, Indie, RPG, Simulation, Strategy",1.99,N/A
2601870,Elemental Mage Defense,"Oct 12, 2023",Fatal Army Studios,"Action, Casual, Indie",Free,N/A
2601920,At the Edge of the World,Coming soon,"rica, tui","Indie, Simulation",Free,N/A
2601960,Golden Leaf Jigsaw Puzzles - Expansion Pack 3,"Sep 26, 2023",Boogygames Studios,"Adventure, Casual, Indie, Strategy",0.99,N/A
2602000,Erogoddess: Olympus,"Jul 18, 2024",Moobly,"Adventure, Casual, Indie, Simulation",5.99,N/A
2602010,MechDrachen,Coming soon,Loki+LPunicorn,"Action, Indie",Free,N/A
2602040,FLY GUYS,To be announced,The Guys,"Adventure, Casual, Indie",Free,N/A
2602070,VanimateApp,To be announced,Vanimate,"Casual, Indie, Simulation",Free,N/A
2602080,The Last Librarian,Coming soon,"Leandro Davel, Franco Castellacci","Action, Adventure, Indie",Free,N/A
2602100,Dropkick Navvy,To be announced,"Ocean Drive Studio, Inc.","Casual, Indie, Simulation",Free,N/A
2602110,Noah's Descent into Madness,"Sep 29, 2023",Squiggly Games,"Action, Adventure, Indie",0.99,N/A
2602120,Bob's Mansion,"Apr 7, 2024",Skydavis Games,"Action, Adventure, Casual, Indie, Early Access",1.24,N/A
2601170,Glyphen,To be announced,ToccGames,"Action, Adventure, Indie",Free,N/A
2601190,Unavailed,"Oct 10, 2023",CoffeeSnail,"Indie, RPG",4.99,N/A
2601230,Cyber Control,"Apr 22, 2024",Felipe Mattar,"Adventure, Indie, Early Access",8.99,N/A
2601240,Tokyo 30 days,"Mar 25, 2024",Manta Game,"Casual, Indie, RPG",1.99,N/A
2601270,Cryoterror,"Oct 26, 2023",CryoDev,Indie,5.99,N/A
2601420,Terror Spikys,Coming soon,Refugium Games,"Action, Adventure, Indie",Free,N/A
2601450,Auxin,Coming soon,Etienne Fontanille,"Action, Indie",Free,N/A
2601460,Super Jigsaw Puzzle: Generations - Portugal,"Oct 23, 2023",Flat Cat Games,"Casual, Indie, Strategy, Free To Play",2.24,N/A
2601470,Super Jigsaw Puzzle: Generations - Random 6,"Nov 3, 2023",Flat Cat Games,"Casual, Indie, Strategy, Free To Play",2.69,N/A
2601480,Super Jigsaw Puzzle: Generations - Landscapes 4,"Nov 14, 2023",Flat Cat Games,"Casual, Indie, Strategy, Free To Play",2.69,N/A
2601490,Super Jigsaw Puzzle: Generations - Winter 2023,"Dec 12, 2023",Flat Cat Games,"Casual, Indie, Strategy, Free To Play",3.59,N/A
2601500,Super Jigsaw Puzzle: Generations - Colorful 3,"Jan 5, 2024",Flat Cat Games,"Casual, Indie, Strategy, Free To Play",3.59,N/A
2601530,Regular Home Renovation Simulator,Coming soon,Substandard Shrimp,"Indie, Simulation",Free,N/A
2601540,Drowned Lake,Coming soon,Monumental Collab,"Action, Adventure, Indie",Free,N/A
2601580,Paradise's Secrets,Q4 2024,Entry Studios,"Action, Adventure, Indie",Free,N/A
2601610,BrickBounce,"Nov 2, 2023",GeneFree,"Casual, Indie, Racing, Simulation, Sports, Early Access",3.99,N/A
2601620,Ungate,"Dec 5, 2023",Varvara Andrei,"Action, Adventure, Indie",4.99,N/A
2600700,CONERU -DIMENSION GIRL-,Coming soon,"HIKE Inc., Eallin Japan Co.Ltd.","Action, Casual, Indie",Free,N/A
2600710,Special Forces War - Zombie Attack,"Nov 28, 2023",Special Forces War - Zombie Attack,"Casual, Indie, RPG, Simulation, Strategy, Free To Play",Free,N/A
2600730,Ties: Soul Link,Coming soon,North Tokyo,"Action, Adventure, Indie, RPG",Free,N/A
2600770,All-Ways Up,"Oct 19, 2023",Vartan Games,"Adventure, Indie",4.99,N/A
2600790,SAMUZA,"Jan 9, 2024",Crackin Inc.,"Action, Casual, Indie, Sports",9.99,N/A
2600800,Alaskan Road Truckers: Mother Truckers DLC,"Oct 18, 2023",Road Studio S.A.,"Action, Adventure, Casual, Indie, Racing, Simulation",2.99,N/A
2600810,Valdis,"Oct 23, 2024",Sgull Games,"Action, Adventure, Indie, RPG, Early Access",2.99,N/A
2600820,The Journey Home,To be announced,Joey's Entertainment,"Adventure, Indie",Free,N/A
2600880,Gas Station Simulator - Tidal Wave DLC,"Mar 21, 2024",DRAGO entertainment,"Indie, Simulation",14.99,127
2600940,Cardeneer Editor (optional),"Feb 20, 2024",Nordic Softworks,"Indie, Simulation, Strategy, Free To Play",29.99,N/A
2600970,Flawed Tactics,Coming soon,Flawed Games,"Indie, Strategy",Free,N/A
2601000,Fairy Treasure,"Feb 7, 2024",GameOn,"Action, Casual, Indie",2.49,N/A
2601010,Sequence: The Ranked Poker Dice Game,"Oct 22, 2024",DKWorld Entertainment,"Casual, Indie, Simulation, Strategy",3.99,N/A
2601030,Exanimum: The Silent Call,"Mar 11, 2024",Perspektik,Indie,2.67,N/A
2601070,Lathe Machine Simulator,"Feb 23, 2024",Igor Frank,"Action, Indie, Simulation",9.99,N/A
2600140,"Please, Touch The Artwork 2","Feb 19, 2024",Thomas Waterzooi,"Adventure, Casual, Indie",Free,N/A
2600170,InController,Coming soon,Future Fossil,"Casual, Indie",Free,N/A
2600190,Badventure,To be announced,Firetown Studios,"Adventure, Indie, RPG",Free,N/A
2600220,Golden Leaf Jigsaw Puzzles - Expansion Pack 2,"Sep 26, 2023",Boogygames Studios,"Adventure, Casual, Indie, Strategy",0.99,N/A
2600230,Zombactory,2024,Shoulders of Giants Studios,"Action, Adventure, Indie, RPG, Strategy",Free,N/A
2600240,LUM'S GAME,2024,games by lum,"Adventure, Indie, Simulation",Free,N/A
2600290,Dungeon Croaker,Coming soon,Greedable,"Casual, Indie, RPG, Strategy",Free,N/A
2600440,The Red Forest,October 2025,PixelGlyph Games,"Adventure, Indie, RPG",Free,N/A
2600470,New Ganymede,Coming soon,New Ganymede,"Action, Adventure, Indie, Massively Multiplayer, RPG",Free,N/A
2600480,Whisper: in the Dark,To be announced,Primitive Pixels Games,"Action, Adventure, Indie",Free,N/A
2600500,BLACK RUNES,"Sep 28, 2023",Andrei Uvarov,"Action, Adventure, Indie",1.59,N/A
2600570,Paper Bride 5 Two Lifetimes,"Nov 30, 2023",HeartBeat Plus,"Adventure, Casual, Indie, RPG",9.99,454
2600580,The shadow of the evil tower,"Mar 8, 2024",TitaniumCore Game,"Action, Adventure, Indie, Racing",4.99,N/A
2600600,Internet Cafe Evolution,"Apr 19, 2024",Tiny Flame Games,"Casual, Indie, Simulation, Strategy",14.99,540
2599640,Re:AEGIS,Coming soon,dotplus,"Action, Indie",Free,N/A
2599690,Better Than Dead,To be announced,MONTE GALLO,"Action, Indie, Simulation",Free,N/A
2599700,Algor PEW PEW,"Sep 25, 2024",Realic Production,"Action, Casual, Indie",10.99,N/A
2599710,P.R.O.T.O.C.O.O.L. - Silver Pack,"Sep 15, 2023",Irondoor Games,"Action, Casual, Indie",10.99,N/A
2599720,P.R.O.T.O.C.O.O.L. - Gold Pack,"Sep 14, 2023",Irondoor Games,"Action, Casual, Indie",44.99,N/A
2599730,P.R.O.T.O.C.O.O.L. - Diamond Pack,"Sep 14, 2023",Irondoor Games,"Action, Casual, Indie",89.99,N/A
2599780,I commissioned some cats 3,"Sep 30, 2023",Follow the fun,"Casual, Indie",3.39,N/A
2599800,Spanking Runners,"May 14, 2024",K-D Lab,"Adventure, Indie, Racing",4.99,N/A
2599870,Golden Leaf Jigsaw Puzzles - Expansion Pack 1,"Sep 26, 2023",Boogygames Studios,"Adventure, Casual, Indie, Strategy",0.99,N/A
2599890,Hentai Maid,"Nov 5, 2023",htaidisgust,"Casual, Indie, Strategy",0.99,N/A
2599900,Whispers In Paradise,"Oct 29, 2023",Cryobolt Interactive,"Action, Adventure, Casual, Indie",1.59,N/A
2599910,Erotic fiction for Sci-fi builder,"Jan 26, 2024",Games For Pleasure,"Action, Adventure, Indie, Simulation",24.99,N/A
2599920,Reapers,"Oct 3, 2023",NeoReel Inc.,"Indie, RPG, Strategy",Free,N/A
2599930,The King In Yellow - Escape Room,"Dec 14, 2023",SoulMeatGames,"Adventure, Casual, Indie",8.99,N/A
2599950,Backwoods Town,"Nov 24, 2023",Andrii Prots,"Adventure, Indie, Simulation, Early Access",8.99,141
2599960,Aimee's Cafe,Coming soon,Ayleinee,"Adventure, Casual, Indie",Free,N/A
2600000,Mountain Boy,Coming soon,MONTE GALLO,"Action, Adventure, Indie, Sports",Free,N/A
2600070,The Game Of Death,"Dec 17, 2023",BrokenWheel Games,"Action, Indie",4.99,N/A
2599130,Night Pact: Azuru,"Nov 15, 2023",Víctor Córcoles,"Action, Adventure, Casual, Indie",1.69,N/A
2599150,Morph Animals,"Sep 29, 2023",RipperNobbs,"Adventure, Indie, RPG, Strategy",1.99,N/A
2599170,Run 'n Gun: Deluxe,Coming soon,GR: Game Studios,"Action, Adventure, Indie",Free,N/A
2599180,Ambusher,"Oct 6, 2023",Bilal Demir,"Action, Casual, Indie, Strategy",1.99,N/A
2599210,BattleSide,To be announced,GabHub,"Action, Casual, Indie, Massively Multiplayer, RPG, Early Access",Free,N/A
2599270,Gem Defender: Soyjak Survivors,"Oct 23, 2023","Coby Dox, Chudd Howard","Action, Casual, Indie, Strategy",3.99,298
2599290,Mad King's Lair: Tome of Destruction,Coming soon,"5|N Interactive, Brandon De VITO","Action, Adventure, Casual, Indie, RPG, Early Access",Free,N/A
2599420,Dynasty,"Feb 1, 2024",Lunar Workshop,"Indie, Free To Play",Free,N/A
2599440,BREADMAN,To be announced,Ronald Takken,"Action, Adventure, Indie, RPG",Free,N/A
2599460,Craft Carnage,Coming soon,Smelly Studio Games,"Action, Indie, Early Access",Free,N/A
2599480,Buckshot to Hell,"Oct 15, 2024",Long Shift Studios,"Action, Indie, Simulation, Strategy",1.99,N/A
2599500,Neuralgia,Coming soon,Ivrey Games,"Action, Adventure, Indie",Free,N/A
2599540,Cube Battlefield: 2048,"Oct 1, 2023",Ming Chen,"Action, Adventure, Casual, Indie, Simulation, Strategy",Free,N/A
2599550,LIGHT CRY,To be announced,Dragon Landing,"Action, Adventure, Indie, Simulation",Free,N/A
2599560,Ataraxie,"Apr 3, 2024",Studio Gravenoire,"Action, Adventure, Indie",4.99,N/A
2599580,Heavenstrafer,Coming soon,O Culto?,"Action, Indie",Free,N/A
2599620,Zarie: The Story of Sin,"Sep 29, 2023",MOON USAGI,"Casual, Indie",Free,N/A
2598620,VIRUS 91,"Dec 4, 2023",Mikki-Boi,"Adventure, Casual, Indie",8.99,N/A
2598630,The Dragonhood,"Jul 12, 2024",Scrambled Games,"Casual, Indie, RPG",7.99,N/A
2598660,Explosive Madness,"Dec 3, 2023",Mikki-Boi,"Casual, Indie",14.99,N/A
2598670,Legend of the archer,"Dec 4, 2023",Mikki-Boi,"Action, Indie",8.99,N/A
2598690,10:16,"Oct 16, 2023",Catsket Games,"Indie, Free To Play",Free,N/A
2598730,Sasha's Stupid Coffee Shop,"Oct 9, 2023",Brutal Jellyfish,"Casual, Indie, Simulation",4.99,N/A
2598770,Bloody Moon,"Oct 23, 2023",俊哥哥,"Action, Adventure, Indie",0.99,N/A
2598860,Boundless Paths,"Apr 10, 2024",Oaklin,"Indie, Strategy",7.99,N/A
2598880,WireWalking,Coming soon,AnkaGame,"Action, Adventure, Casual, Indie, Racing, Simulation, Sports",Free,N/A
2598910,The Legend of Chosen Blood,Coming soon,FOG PRODUCTIONS,"Action, Adventure, Indie, RPG, Simulation",Free,N/A
2598920,Song of Eriel,To be announced,Eriel Games,"Indie, RPG, Simulation",Free,N/A
2598930,Game Store Simulator,"Aug 20, 2024",Pex Entertainment,"Indie, Simulation",3.74,173
2598950,Greeded,To be announced,KORO.GAMES,"Adventure, Indie, Simulation",Free,N/A
2598970,Fastest Cars Traffic Racer,"Sep 27, 2023",Samet Acar,"Indie, Racing, Simulation, Sports",0.99,N/A
2599010,PUSH,2024,Emankcin,"Adventure, Casual, Indie, RPG, Strategy",Free,N/A
2599040,Going Down,Coming soon,Mytholite Games,"Indie, RPG",Free,N/A
2599050,Square Edges,"Mar 6, 2024",Soomka Games,"Casual, Indie",3.99,N/A
2599060,Magical Lands,"Mar 5, 2024",SoomkaGames,"Action, Adventure, Indie, Simulation, Strategy",2.99,N/A
2599070,Save the sheep,Coming soon,Soomka Games,"Action, Indie, Strategy",Free,N/A
2599110,My Ex-future Family Premium Edition,"Oct 2, 2023","tremmiGames, f1r1f0 Games","Adventure, Indie",5.99,N/A
2598110,Fusing Noracam,"Oct 20, 2023",Rusimitu Games,"Action, Adventure, Indie",5.99,N/A
2598120,The Cauldron Kids: The Summoning of Mr. Vermicelli,"Jan 29, 2024",Pet Golem Games,"Casual, Indie, RPG",4.99,N/A
2598190,SomnaBuster,"Sep 24, 2024",PD_CGT,"Action, Indie",14.99,N/A
2598290,P.R.O.T.O.C.O.O.L.,"Sep 29, 2023",Irondoor Games,"Action, Casual, Indie, Early Access",0.99,N/A
2598310,Little Penguin Chillventure,"Sep 27, 2023",beans rolls,"Adventure, Indie",0.61,N/A
2598320,Erased Case,Coming soon,Lightfall Team,"Adventure, Casual, Indie",Free,N/A
2598330,Cosmogelica,To be announced,CyanSorcery,"Action, Adventure, Indie",Free,N/A
2598380,Squad Emotes - Stand Off Pack,"Dec 12, 2023",Offworld Industries,"Action, Indie, Massively Multiplayer, Strategy",3.99,N/A
2598410,Project Adder (Prologue),"Oct 5, 2023",NLB.DEV,"Action, Indie",Free,N/A
2598430,Walkabout Mini Golf: Widow's Walkabout,"Oct 19, 2023",Mighty Coconut,"Casual, Indie, Sports",3.99,N/A
2598450,Survival Nexus,"Oct 8, 2023",BRDynamic Studios,"Action, Adventure, Casual, Indie, Massively Multiplayer, RPG, Simulation",1.99,N/A
2598480,Tale of the Shadow World,"Dec 21, 2023",Zentiva Lighthouse,"Adventure, Indie",0.99,N/A
2598490,ColorCoordination,"Aug 29, 2024",El Demso,Indie,Free,N/A
2598500,Project Volition,Coming soon,Team Wirelore,"Adventure, Indie",Free,N/A
2598510,Darkest Dungeon® II: The Binding Blade,"Dec 11, 2023",Red Hook Studios,"Indie, RPG, Strategy",5.99,378
2598560,Sclera,"Oct 13, 2023",Ryan Boc,"Adventure, Indie, RPG, Strategy",7.99,N/A
2598580,Seekers of the Ancient,Coming soon,Forge Hammer Entertainment,"Adventure, Indie, RPG",Free,N/A
2598610,Status One,Q4 2024,LastCall Studio,"Action, Indie, RPG, Strategy",Free,N/A
2597600,Golden Leaf Jigsaw Puzzles,"Sep 26, 2023",Boogygames Studios,"Adventure, Casual, Indie, Strategy",0.99,N/A
2597610,Mononoke No Kuni,2025,Studio-Lights,"Action, Adventure, Casual, Indie, RPG, Early Access",Free,N/A
2597650,Hundred,"Sep 29, 2023",RABBIT,"Casual, Indie",1.99,N/A
2597710,Rusty Ride,"Sep 28, 2023",AlbertFreeman,"Action, Adventure, Indie",Free,N/A
2597810,Afallon,2025,Stargazing interactive,"Action, Adventure, Indie, RPG, Early Access",Free,N/A
2597860,Incubus - HD Textures Pack,"Sep 12, 2023",Darkling Room,"Action, Adventure, Indie, Simulation",Free,N/A
2597870,Rhythm Producer,Coming soon,贾宝蛋,"Casual, Indie, RPG",Free,N/A
2597900,Scape,Coming soon,Redknight studio,"Action, Adventure, Indie",Free,N/A
2598020,Spire Horizon Online,"Dec 6, 2024",Mendoka,"Action, Adventure, Casual, Indie, Massively Multiplayer, RPG",Free,N/A
2598050,Foxcrate,"Sep 29, 2023","Parsec Productions, LLC","Casual, Indie",4.99,N/A
2598070,Ultimus,"Oct 31, 2023",Atomic Lollypop,"Action, Indie",Free,N/A
2598080,Drift Survivor,"Oct 20, 2023",MEWSTURBO,"Action, Casual, Indie, Racing, Simulation",1.99,N/A
2597110,Kaizo Block,"Oct 18, 2023",Liam Nicholl,"Action, Indie",Free,N/A
2597140,Dice to Meet You,Coming soon,Bin Bon Games,"Adventure, Casual, Indie",Free,N/A
2597190,Aqua Pals,"Dec 9, 2023","Matthew B, Linda F","Casual, Indie, Simulation, Early Access",4.99,N/A
2597200,Across the Wonderlands,To be announced,Covenant.dev,"Action, Adventure, Indie, Early Access",Free,N/A
2597210,Welcome teacher,"Sep 28, 2023",티민이,Indie,0.99,N/A
2597220,The night of erosion (prequel),"Oct 4, 2023",MIN JIYOUNG,"Indie, Simulation",0.99,N/A
2597280,Tomb Of AnuBI0S,"Nov 9, 2023","Matthew Frank, Gerardo Ternero","Action, Casual, Indie, Strategy",9.99,N/A
2597300,Guilty Loving Boxing,"Jan 26, 2024",痛風舎 (tsufusha),"Action, Indie, Sports",19.99,N/A
2597330,Quiz Game Night,"Nov 17, 2023",ser,"Casual, Indie",Free,N/A
2597340,The Alchemist's Apprentice in the Maze of Madness,"Mar 22, 2024",ERMedia,"Adventure, Casual, Indie, Strategy",9.99,N/A
2597350,The Black Knight Chronicles - The Widow without Time,"Jun 27, 2024",ERMedia,"Indie, RPG",14.99,N/A
2597360,Citadale - The Accursed Seal,"Oct 4, 2024",ERMedia,"Action, Adventure, Indie",9.99,N/A
2597400,Slimedrop Laboratory,Coming soon,Laxias Games,"Indie, Strategy",Free,N/A
2597490,I Think I Wanna Have Your Baby,2025,Aika Games,"Casual, Indie, Simulation",Free,N/A
2597500,Forest of Soul,Coming soon,Ashwind,"Action, Adventure, Casual, Indie, RPG, Simulation",Free,N/A
2597560,SpaceDRG,"Dec 1, 2023",Empty Games,"Action, Casual, Indie, Free To Play",Free,N/A
2597590,Cuckold Chair Simulator 2023,"Oct 28, 2023",Romantic Room,"Adventure, Casual, Indie, Simulation",3.99,128
2596710,Sun Spear,"Jan 15, 2024","Aidan Barcia-Bacon, Tatum Going, Jeff Row","Action, Adventure, Indie",3.99,N/A
2596720,Project S.A.M,Coming soon,AlbiStudios,"Action, Adventure, Indie, RPG",Free,N/A
2596760,Inside,To be announced,HeadArrow,"Action, Indie",Free,N/A
2596800,No Recollection,"Jun 7, 2024",Jake Platt,"Adventure, Casual, Indie, Simulation",Free,N/A
2596830,Geist,"Oct 10, 2023",Dark Cloud City,"Action, Indie",1.99,N/A
2596840,Tempomancy,Coming soon,Wanderer Labs,"Action, Adventure, Indie",Free,N/A
2596860,Nectar,To be announced,Nerd Chomp,"Adventure, Indie",Free,N/A
2596890,Evade VR,"Oct 3, 2023",Cnodax Studio,"Action, Casual, Indie, Massively Multiplayer, Sports",5.99,N/A
2596930,Seek & Snipe,Coming soon,White Rose Games,"Action, Casual, Indie, Simulation, Strategy",Free,N/A
2596990,"Good Pizza, Great Pizza - Taste of Rome Set - Chapter 5","Sep 13, 2023",TapBlaze,"Casual, Indie, Simulation",5.99,N/A
2597000,"Good Pizza, Great Pizza - Villa Vista Set - Chapter 5","Sep 13, 2023",TapBlaze,"Casual, Indie, Simulation",3.99,N/A
2597020,Coreless,To be announced,Contextual Turtle,"Action, Indie, RPG, Early Access",Free,N/A
2597040,Suero Zeus,"Nov 5, 2023",Homeworks Studios,"Action, Adventure, Indie, RPG",3.99,N/A
2597060,Astral Divide,To be announced,Sébastien Aoki,"Action, Adventure, Indie, Simulation",Free,N/A
2596100,Lycans,"Dec 4, 2023",Onu Games,"Action, Indie, Strategy",2.79,164
2596110,Lost Legacy: The Awakening of the Seals,Coming soon,Carlos Cesar,"Action, Adventure, Casual, Indie, RPG, Strategy",Free,N/A
2596130,Hero Siege - Eclipse Exo (Skin),"Oct 2, 2023",Panic Art Studios Ltd,"Action, Adventure, Indie, Massively Multiplayer, RPG",5.99,N/A
2596280,Forest Life,Coming soon,KoronisTech Game Studio,"Action, Adventure, Indie, Simulation, Early Access",Free,N/A
2596290,Fantasy Grounds - Pathfinder RPG - Pathfinder Companion: Blood of the Elements,"Sep 12, 2023","SmiteWorks USA, LLC","Indie, RPG, Strategy",12.99,N/A
2596300,Play With Your Cat! - A Virtual Toy Box,Coming soon,Herra Koira Company,"Casual, Indie",Free,N/A
2596310,Fantasy Grounds - Pathfinder RPG - Pathfinder Companion: The Harrow Handbook,"Sep 19, 2023","SmiteWorks USA, LLC","Indie, RPG, Strategy",12.99,N/A
2596320,Fantasy Grounds - Pathfinder RPG - Pathfinder Companion: People of the River,"Sep 12, 2023","SmiteWorks USA, LLC","Indie, RPG, Strategy",12.99,N/A
2596340,Fantasy Grounds - Pathfinder RPG - Pathfinder Companion: Alchemy Manual,"Sep 19, 2023","SmiteWorks USA, LLC","Indie, RPG, Strategy",12.99,N/A
2596370,Fantasy Grounds - Pathfinder RPG - Pathfinder Companion: Undead Slayer's Handbook,Coming soon,"SmiteWorks USA, LLC","Indie, RPG, Strategy",Free,N/A
2596390,Fantasy Grounds - Pathfinder RPG - Pathfinder Companion: Champions of Balance,"Sep 19, 2023","SmiteWorks USA, LLC","Indie, RPG, Strategy",12.99,N/A
2596410,Fantasy Grounds - Pathfinder 2 RPG - Sky King's Tomb AP 2: Cult of the Cave Worm,"Sep 12, 2023","SmiteWorks USA, LLC","Indie, RPG, Strategy",26.99,N/A
2596420,Arranger: A Role-Puzzling Adventure,"Jul 25, 2024",Furniture & Mattress LLC,"Adventure, Indie, RPG",19.99,146
2596450,Fantasy Grounds - Dune: Time Becomes a Narrow Door,"Sep 19, 2023","SmiteWorks USA, LLC","Indie, RPG, Strategy",5.99,N/A
2596490,Fantasy Grounds - Necessary Evil: Invasion (Revised Edition),"Sep 12, 2023","SmiteWorks USA, LLC","Indie, RPG, Strategy",14.99,N/A
2596520,Fantasy Grounds - Map Collection - The Boonies,"Sep 26, 2023","SmiteWorks USA, LLC","Indie, RPG, Strategy",9.99,N/A
2596530,The Colony 2044,2025,Nexrage Studios,"Action, Casual, Indie, Simulation, Strategy",Free,N/A
2595600,My Time at Sandrock - Summer Heat Collection 2,"Nov 23, 2023",Pathea Games,"Adventure, Casual, Indie, RPG, Simulation",4.99,N/A
2595620,My Time at Sandrock - Starlight Collection 1,"Nov 23, 2023",Pathea Games,"Adventure, Casual, Indie, RPG, Simulation",4.99,N/A
2595630,Monke Simulator Demo,"Jun 10, 2024",Totem Softproducts,"Action, Indie",Free,N/A
2595640,Move The Chains - Season 1,"Nov 15, 2024",MissFortune,"Adventure, Indie, Early Access",Free,N/A
2595650,Night of Full Moon - Echoes of Nature（Classic）,"Sep 28, 2023",Giant Games,"Adventure, Indie, Strategy",1.99,N/A
2595670,Night of Full Moon - Witcher（Mirror）,"Sep 28, 2023",Giant Games,"Adventure, Indie, Strategy",1.99,N/A
2595680,Night of Full Moon - Wolf（Mirror）,"Sep 28, 2023",Giant Games,"Adventure, Indie, Strategy",1.99,N/A
2595690,Night of Full Moon - Witch（Wishing）,"Sep 28, 2023",Giant Games,"Adventure, Indie, Strategy",1.99,N/A
2595710,My Time at Sandrock - Starlight Collection 2,"Nov 23, 2023",Pathea Games,"Adventure, Casual, Indie, RPG, Simulation",4.99,N/A
2595720,My Time at Sandrock - Starlight Collection 3,"Nov 23, 2023",Pathea Games,"Adventure, Casual, Indie, RPG, Simulation",4.99,N/A
2595730,My Time at Sandrock - Pet Pack: Lil Gecko,"Nov 2, 2023",Pathea Games,"Adventure, Casual, Indie, RPG, Simulation",2.99,N/A
2595740,My Time at Sandrock - Interior Decorator Pack,"Nov 2, 2023",Pathea Games,"Adventure, Casual, Indie, RPG, Simulation",3.99,N/A
2595750,My Time at Sandrock - Far East Furniture Pack,"Nov 2, 2023",Pathea Games,"Adventure, Casual, Indie, RPG, Simulation",3.99,N/A
2595760,My Time at Sandrock - Cute Critter Furniture Pack,"Nov 2, 2023",Pathea Games,"Adventure, Casual, Indie, RPG, Simulation",3.99,N/A
2595850,Stronghold Siege,"Sep 7, 2024",Override,"Action, Adventure, Indie, RPG, Simulation, Strategy, Free To Play",Free,N/A
2595860,Hitler is my crush,"Nov 14, 2023",DarkLight Studio,"Action, Adventure, Casual, Indie",0.99,468
2595900,Monolit,Coming soon,Gravity Studio,"Action, Adventure, Indie, RPG",Free,N/A
2595930,Jigsaw Advent Calendar,"Nov 29, 2023","Mindscape, Denda Games, Graphium Studio","Casual, Indie",14.99,N/A
2595940,Magical Bakery,"Nov 7, 2024",SUPERLUMEN,"Action, Casual, Indie",Free,N/A
2595960,只猩：酋长争霸,December 2024,含笑半步癫g5,"Action, Adventure, Indie, RPG",Free,N/A
2595080,Banana Co.,"Nov 23, 2023",S.G,"Action, Indie, Strategy",0.99,N/A
2595090,self-indulgence,"Feb 16, 2024",skadi___dywimo,"Action, Indie, Free To Play",Free,N/A
2595100,HeroBot!,Coming soon,FellsSwordGames,"Action, Adventure, Casual, Indie",Free,N/A
2595110,Love Nest,2025,池池,"Indie, RPG, Simulation, Strategy",Free,N/A
2595120,Wild Seasons,Coming soon,Bean Games,"Indie, Strategy",Free,N/A
2595160,Ride Hailing Simulator,"Oct 20, 2024",KUOKUO,"Casual, Indie, Simulation, Free To Play",Free,N/A
2595290,World of Reinvention,To be announced,Rostein Fox,"Adventure, Indie, RPG",Free,N/A
2595300,Forgotten Symphony,"Dec 22, 2023",Phyrfliez,"Adventure, Indie",Free,N/A
2595330,Full English City,Coming soon,Second Motivation,"Adventure, Indie, Early Access",Free,N/A
2595370,JJJ,"Sep 29, 2023",Rotten Apple Games,"Adventure, Indie",1.79,N/A
2595380,SPARKHUNT,To be announced,Oleksandr Zapisochnyi,"Action, Indie",Free,N/A
2595470,Guaishou 怪兽,To be announced,Apophenia 23,"Adventure, Indie",Free,N/A
2595480,Dreaming with You,Coming soon,Marica Andrei Marian,"Adventure, Indie",Free,N/A
2595530,The Masquerade,2025,Chewa,"Action, Casual, Indie",Free,N/A
2595540,UBERSLAUGHTER,"Sep 27, 2024",BillyBobCletus,"Action, Indie, Simulation",9.99,N/A
2594600,Elders Grace - Unchained,2025,Meta Monkey Inc.,"Action, Adventure, Indie, RPG, Strategy, Free To Play",Free,N/A
2594610,Red Echo,To be announced,Pacen Life Games,"Action, Adventure, Indie, RPG",Free,N/A
2594650,Riding to Bounce City - Cat set A,"Sep 14, 2023",Trigon Fan,"Action, Casual, Indie, Racing, Free To Play",2.39,N/A
2594690,Seraphim,"Feb 18, 2024",Luke Rayfield,"Action, Adventure, Indie",4.99,N/A
2594700,AploVVare Collection - Supporter DLC,"Sep 15, 2023",AploveStudio,"Adventure, Indie, Simulation, Free To Play",0.99,N/A
2594710,AploVVare Collection - 18+ DLC,"Sep 15, 2023",AploveStudio,"Adventure, Indie, Simulation, Free To Play",Free,N/A
2594730,Daydream Mosaics 4: Shades of Blue,"Oct 20, 2023",Lucaciu Studio,"Casual, Indie",8.99,N/A
2594740,Crystal Fortress,Coming soon,Three-Point Studio,"Casual, Indie, Strategy",Free,N/A
2594830,ELEGIES: Aya - Artbook,"Oct 24, 2023",Dream Squircle,"Adventure, Indie",4.99,N/A
2594860,Vorum,Coming soon,Lon Sevidanes,"Adventure, Indie, RPG",Free,N/A
2594870,Lethal Beach,"Jan 24, 2024",IsSasaLa,"Casual, Indie, RPG, Simulation, Early Access",2.49,N/A
2594940,Signal,"Oct 14, 2023","Sound Shore 心声彼岸, Loong Dream 龙梦文化","Action, Adventure, Indie, RPG, Early Access",Free,N/A
2594970,Botanical Chronicle,2024,Metapolis Games,"Adventure, Casual, Indie",Free,N/A
2594980,Brickhaven,2025,"Rootpointers, Atomic Core Studios LLC","Action, Indie, RPG, Simulation, Strategy, Early Access",Free,N/A
2594990,The Paper Trials Chapter 2,"Jan 2, 2024",Tyler L,"Action, Adventure, Casual, Indie, Free To Play",1.99,N/A
2595040,Ship's Cat,"Apr 27, 2024",Caddy Computing,"Action, Adventure, Casual, Indie",4.99,N/A
2594070,Beat Saber - Linkin Park - Lost,"Oct 5, 2023",Beat Games,Indie,1.99,N/A
2594080,Beat Saber - Linkin Park - More The Victim,"Oct 5, 2023",Beat Games,Indie,1.99,N/A
2594090,"Beat Saber - JAY-Z, Linkin Park - Numb/Encore","Oct 5, 2023",Beat Games,Indie,1.99,N/A
2594100,Beat Saber - Fort Minor - Remember the Name (feat. Styles of Beyond),"Oct 5, 2023",Beat Games,Indie,1.99,N/A
2594110,Endure The Swarm,"Dec 7, 2023",Ternary Designs,Indie,9.99,N/A
2594180,Maliguard,To be announced,Riskmaster Studios,"Action, Adventure, Indie, RPG",Free,N/A
2594200,A Touch of Magic,"Nov 18, 2023","First Sin, JAD","Adventure, Indie, Simulation, Early Access",9.99,N/A
2594280,Bloxtacle Course,"Oct 13, 2023",Prickleberry Games LLC,"Action, Casual, Indie",0.99,N/A
2594310,I Am Zombie,To be announced,WarmZombie,"Adventure, Indie, Simulation, Early Access",Free,N/A
2594330,Flatspace IIk We Robot Music Pack,"Sep 29, 2023",Cornutopia Software,"Action, Adventure, Indie, RPG, Simulation",Free,N/A
2594350,Forg Feast Frenzy,Coming soon,Weird,"Casual, Indie, Simulation",Free,N/A
2594420,SCP : CENTURA TYCOON,2024,ATallGoat,"Indie, Strategy",Free,N/A
2594430,Color Collar,"Dec 8, 2023",Hopecho,"Casual, Indie, Strategy",Free,N/A
2594470,Bit Tower,"Aug 6, 2024","ChesterDev, Skyel","Action, Adventure, Casual, Indie, Strategy",1.99,N/A
2594480,Harmonic Depths,"Dec 8, 2023",Override,"Casual, Indie, Simulation, Free To Play",Free,N/A
2594490,Project N3T,"Oct 5, 2023","Myre36, ThatMatt, Reimsas","Casual, Indie",Free,N/A
2594560,Devil Seeds,"Oct 18, 2023",Trevaz,"Adventure, Indie, RPG, Strategy, Free To Play",Free,N/A
2593580,Village,"Sep 25, 2023",STuNT,"Action, Adventure, Indie, Simulation",0.99,N/A
2593640,Over Many Waters,"Dec 11, 2024",MultiMediaVerse LLC,"Action, Adventure, Indie, RPG",Free,N/A
2593650,Deep Space Solitude,"Oct 31, 2023",谋颖游,"Action, Adventure, Indie, RPG",1.01,N/A
2593660,Halloween Naughty Girls,"Nov 1, 2023",Stacy Story Games,"Adventure, Indie, Simulation",1.99,N/A
2593750,Muse Dash - Muse Plus,"Oct 4, 2023",peropero,"Action, Casual, Indie",34.99,395
2593760,Kudos 2,"Sep 20, 2023",Positech Games,"Indie, RPG, Simulation, Strategy",5.99,N/A
2593790,Sqube Escape,"Nov 4, 2024",RH POSITIVE,"Adventure, Casual, Indie",Free,N/A
2593850,Mech Academy,"Oct 21, 2024",Space Samurai Studio,"Adventure, Indie",8.49,119
