AppID,Game Name,Release Date,Price ($),Action,Adventure,Casual,Early Access,Free To Play,Gore,Indie,Massively Multiplayer,Nudity,RPG,Racing,Sexual Content,Simulation,Sports,Strategy,Violent,Developer_Alister Software,Developer_Choice of Games,Developer_Daedalic Entertainment,Developer_Easy game,Developer_Other,Developer_RewindApp,Developer_Ronimo Games,Developer_U-ROOM,Years Since Release,Original_Recommendations,Log_Recommendations,Standardized_Recommendations
2193070,Returning To Mia,2023-10-27,0.2436974789915966,False,True,True,False,False,False,True,False,False,True,False,False,False,False,False,False,False,False,False,False,True,False,False,False,0.05555555555555555,193,5.267858159063328,9.665500152861986e-05
328940,The Deer God,2015-02-27,0.2436974789915966,False,False,False,False,False,False,True,False,False,False,False,False,False,False,False,False,False,False,False,False,True,False,False,False,0.5,220,5.3981627015177525,0.00012502114328158439
2738050,エスカレーター |  Escalator,2024-01-06,0.04201680672268908,False,True,False,False,False,False,True,False,False,False,False,False,True,False,False,False,False,False,False,False,True,False,False,False,0.0,116,4.762173934797756,1.5758967640535848e-05
1634150,Behind the Frame: The Finest Scenery,2021-08-25,0.21008403361344538,False,True,True,False,False,False,True,False,False,False,False,False,False,False,False,False,False,False,False,False,True,False,False,False,0.16666666666666666,4321,8.371473537066832,0.0044335228962040845
391260,Labyronia RPG,2015-08-14,0.025210084033613446,True,True,False,False,False,False,True,False,False,True,False,False,False,False,False,False,False,False,False,False,True,False,False,False,0.5,1116,7.018401799069201,0.0010663568103429256
311400,OCEAN CITY RACING,2014-11-14,0.025210084033613446,True,False,True,False,False,False,True,False,False,False,True,False,True,False,False,False,False,False,False,False,True,False,False,False,0.5555555555555556,452,6.115892125483034,0.0003687598427885388
1329600,Karting,2021-04-15,0.025210084033613446,False,False,True,False,False,False,True,False,False,False,True,False,True,False,False,False,False,False,False,False,False,True,False,False,0.16666666666666666,478,6.171700597410915,0.00039607538669880093
1245430,Golden Light,2022-03-11,0.32773109243697474,True,True,False,False,False,False,True,False,False,False,False,False,False,False,False,False,False,False,False,False,True,False,False,False,0.1111111111111111,1822,7.508238774678663,0.0018080788872908127
314180,Deathsmiles,2016-03-10,0.32773109243697474,True,False,False,False,False,False,True,False,False,False,False,False,False,False,False,False,False,False,False,False,True,False,False,False,0.4444444444444444,477,6.169610732491456,0.00039502478885609856
2482440,Leap up no Justu: Double,2023-12-21,0.0,True,False,True,False,False,False,True,False,False,False,False,False,False,True,False,False,False,False,False,False,True,False,False,False,0.05555555555555555,447,6.104793232414985,0.00036350685357502683
1015790,Dark Hero Party,2020-04-09,0.2436974789915966,False,False,False,False,False,False,True,False,False,True,False,False,False,False,False,False,False,False,False,False,False,False,False,True,0.2222222222222222,310,5.739792912179234,0.00021957494912479947
1664220,TRAIL OUT,2022-09-07,0.32773109243697474,True,False,True,False,False,False,True,False,False,False,True,False,False,False,False,False,False,False,False,False,True,False,False,False,0.1111111111111111,2135,7.666690200080086,0.0021369160120566608
818500,Colorzzle,2018-08-10,0.025210084033613446,False,False,True,False,False,False,True,False,False,False,False,False,False,False,False,False,False,False,False,False,True,False,False,False,0.3333333333333333,130,4.875197323201151,3.0467337438369298e-05
1322100,Battle Bands: Rock & Roll Deckbuilder,2023-11-13,0.32773109243697474,False,False,False,False,False,False,True,False,False,False,False,False,False,False,True,False,False,False,False,False,True,False,False,False,0.05555555555555555,162,5.093750200806762,6.408646840484579e-05
431940,Wildfire,2020-05-25,0.2436974789915966,False,False,False,False,False,False,True,False,False,False,False,False,False,False,False,False,False,False,False,False,True,False,False,False,0.2222222222222222,384,5.953243334287785,0.00029731918948477633
1779200,Thrive,2021-11-26,0.07563025210084033,False,False,True,True,False,False,True,False,False,False,False,False,True,False,False,False,False,False,False,False,True,False,False,False,0.16666666666666666,1031,6.939253946041508,0.0009770559937132225
1082450,Gold Hunter,2022-05-13,0.32773109243697474,False,False,False,True,False,False,True,False,False,False,False,False,True,False,False,False,False,False,False,False,True,False,False,False,0.1111111111111111,462,6.137727054086234,0.0003792658212155627
368710,Power of Love,2015-07-21,0.008403361344537815,False,False,True,False,False,False,True,False,False,False,False,False,False,False,True,False,False,False,False,False,True,False,False,False,0.5,108,4.6913478822291435,7.354184898916732e-06
1056610,Heal,2020-04-10,0.1092436974789916,False,True,False,False,False,False,True,False,False,False,False,False,False,False,False,False,False,False,False,False,True,False,False,False,0.2222222222222222,515,6.246106765481563,0.0004349475068787894
294140,They Breathe,2014-05-23,0.025210084033613446,True,True,False,False,False,False,True,False,False,False,False,False,False,False,False,False,False,False,False,False,True,False,False,False,0.5555555555555556,939,6.84587987526405,0.0008804009921846026
2553870,The Genesis Order,2024-04-02,0.2436974789915966,False,True,True,False,False,False,True,False,False,False,False,False,False,False,False,False,False,False,False,False,True,False,False,False,0.0,1266,7.144407180321139,0.001223946486748284
730620,Hammer 2,2017-10-30,0.07563025210084033,True,True,True,False,False,False,True,False,False,False,False,False,False,False,False,False,False,False,False,False,False,True,False,False,0.38888888888888884,248,5.517452896464707,0.00015443788287725129
281060,Reversion - The Meeting (2nd Chapter),2014-07-08,0.07563025210084033,False,True,True,False,False,False,True,False,False,False,False,False,False,False,False,False,False,False,False,False,True,False,False,False,0.5555555555555556,106,4.672828834461906,5.252989213511949e-06
1110690,Banter Schooldays!!三〇一室无一人,2019-11-22,0.05882352941176471,False,True,False,False,False,False,True,False,False,False,False,False,False,False,False,False,False,False,False,False,True,False,False,False,0.2777777777777778,679,6.522092798170152,0.0006072455530819812
2093910,Time Walker: Dark World,2023-11-29,0.07563025210084033,False,False,False,False,False,False,True,False,False,False,False,False,False,False,True,False,False,False,False,False,True,False,False,False,0.05555555555555555,1259,7.138866999945524,0.0012165923018493674
710030,Cinderella Escape 2 Revenge,2017-10-06,0.2436974789915966,True,False,False,False,False,False,True,False,False,False,False,False,False,False,False,False,False,False,False,False,True,False,False,False,0.38888888888888884,335,5.817111159963204,0.0002458398951923592
1747050,Sam & Max: Beyond Time and Space,2021-12-08,0.32773109243697474,False,True,False,False,False,False,True,False,False,False,False,False,False,False,False,False,False,False,False,False,True,False,False,False,0.16666666666666666,335,5.817111159963204,0.0002458398951923592
397750,Guided Meditation VR,2016-10-03,0.2436974789915966,False,False,True,True,False,False,True,False,False,False,False,False,False,False,False,False,False,False,False,False,True,False,False,False,0.4444444444444444,123,4.820281565605037,2.3113152539452593e-05
3067340,Dude Fighter,2024-07-16,1.0,False,False,False,False,False,False,True,False,False,False,False,False,False,False,False,False,False,False,False,False,True,False,False,False,0.0,101,4.624972813284271,0.0
899770,Last Epoch,2024-02-21,0.5798319327731093,True,True,False,False,False,False,True,False,False,True,False,False,False,False,False,False,False,False,False,False,True,False,False,False,0.0,88975,11.396121949427345,0.09337083267233218
858260,Until You Fall,2020-10-27,0.41176470588235287,True,True,False,False,False,False,True,False,False,False,False,False,False,False,False,False,False,False,False,False,True,False,False,False,0.2222222222222222,2769,7.926602599181384,0.002802995044329976
985260,The Morrigan,2020-03-31,0.226890756302521,True,True,False,False,False,False,True,False,False,True,False,False,False,False,False,False,False,False,False,False,True,False,False,False,0.2222222222222222,232,5.4510384535657,0.00013762831739401305
809210,LifeZ - Survival,2018-03-29,0.15966386554621848,True,False,False,True,False,False,True,False,False,True,False,False,True,False,False,False,False,False,False,False,True,False,False,False,0.3333333333333333,222,5.407171771460119,0.00012712233896698916
302610,Boson X,2014-09-15,0.033613445378151266,True,False,False,False,False,False,True,False,False,False,False,False,False,False,False,False,False,False,False,False,True,False,False,False,0.5555555555555556,1301,7.171656822768514,0.0012607174112428678
1861610,Endorphin Vice,2022-02-17,0.07563025210084033,True,False,True,True,False,False,True,False,False,False,False,False,True,False,False,False,False,False,False,False,True,False,False,False,0.1111111111111111,1247,7.129297548929373,0.0012039851277369387
1419730,Seek Girl Ⅵ,2020-09-30,0.025210084033613446,False,False,True,False,False,False,True,False,False,False,False,False,False,False,True,False,False,False,False,False,True,False,False,False,0.2222222222222222,1092,6.996681488176539,0.0010411424621180683
1015730,Apostle,2019-11-07,0.32773109243697474,False,False,False,False,False,False,True,False,False,True,False,False,False,False,False,False,False,False,False,False,True,False,False,False,0.2777777777777778,453,6.118097198041348,0.00036981044063124117
402750,Giant Machines 2017,2016-09-29,0.32773109243697474,False,False,False,False,False,False,True,False,False,False,False,False,True,False,False,False,False,False,False,False,True,False,False,False,0.4444444444444444,404,6.003887067106539,0.0003183311463388241
1818230,Lodventure,2023-12-11,0.10504201680672269,True,True,True,False,False,False,True,False,False,False,False,False,True,False,False,False,False,False,False,False,True,False,False,False,0.05555555555555555,110,4.709530201312334,9.455380584321514e-06
1064860,约拍女神 Private Model,2019-05-03,0.07563025210084033,False,False,False,False,False,False,True,False,False,True,False,False,True,False,False,False,False,False,False,False,True,False,False,False,0.2777777777777778,152,5.030437921392435,5.358048997782189e-05
2671970,‎My Suika – Kyo’s Fruit Merge,2023-11-29,0.008403361344537815,False,False,True,False,False,False,True,False,False,False,False,False,True,False,True,False,False,False,False,False,True,False,False,False,0.05555555555555555,1219,7.106606137727303,0.0011745683881412717
1889640,The Backrooms: Survival,2023-09-15,0.09243697478991596,True,True,False,False,False,False,True,True,False,False,False,False,True,False,False,False,False,False,False,False,True,False,False,False,0.05555555555555555,874,6.774223886357614,0.0008121121324089473
981020,Clea,2019-07-10,0.226890756302521,True,True,False,False,False,False,True,False,False,False,False,False,False,False,False,False,False,False,False,False,True,False,False,False,0.2777777777777778,349,5.857933154483459,0.00026054826499019264
442210,Switchcars,2021-04-30,0.14285714285714285,True,False,False,False,False,False,True,False,False,False,True,False,False,False,False,False,False,False,False,False,True,False,False,False,0.16666666666666666,157,5.062595033026967,5.883347919133383e-05
2990640,Endoparasitic 2,2024-10-01,0.19327731092436973,True,False,False,False,False,False,True,False,False,False,False,False,False,False,False,False,False,False,False,False,True,False,False,False,0.0,296,5.6937321388027,0.000204866579326966
451880,Catch a Falling Star,2016-03-30,0.025210084033613446,False,False,True,False,False,False,True,False,False,False,False,False,False,False,False,False,True,False,False,False,False,False,False,False,0.4444444444444444,247,5.5134287461649825,0.00015338728503454892
270880,American Truck Simulator,2016-02-02,0.32773109243697474,False,False,False,False,False,False,True,False,False,False,False,False,True,False,False,False,False,False,False,False,True,False,False,False,0.4444444444444444,135468,11.81649811083941,0.1422162781730944
2086140,RICE - Repetitive Indie Combat Experience™,2023-05-01,0.05882352941176471,True,False,True,True,False,False,True,False,False,False,False,False,False,False,False,False,False,False,False,False,True,False,False,False,0.05555555555555555,239,5.480638923341991,0.00014498250229292979
1299480,The Fabled Woods,2021-03-25,0.15966386554621848,False,True,True,False,False,False,True,False,False,False,False,False,False,False,False,False,False,False,False,False,True,False,False,False,0.16666666666666666,159,5.075173815233827,6.093467487673862e-05
366690,Cue Club 2: Pool & Snooker,2016-03-07,0.3109243697478991,True,False,True,False,False,False,True,False,False,False,False,False,True,True,True,False,False,False,False,False,True,False,False,False,0.4444444444444444,650,6.478509642208569,0.0005767782156436119
33680,eversion,2010-06-07,0.07563025210084033,False,False,False,False,False,False,True,False,False,False,False,False,False,False,False,False,False,False,False,False,True,False,False,False,0.7777777777777777,1051,6.9584483932976555,0.0009980679505672703
3172860,Lust Epidemic 18+,2024-09-21,0.15966386554621848,False,True,True,False,False,False,True,False,False,True,False,False,False,False,False,False,False,False,False,False,True,False,False,False,0.0,139,4.941642422609304,3.9922718022690826e-05
846800,Diner Bros,2018-07-06,0.15966386554621848,True,False,True,False,False,False,True,False,False,False,False,False,False,False,False,False,False,False,False,False,True,False,False,False,0.3333333333333333,746,6.616065185132817,0.0006776356085430415
818210,Indie Pogo,2018-07-10,0.2436974789915966,True,False,False,False,False,False,True,False,False,False,False,False,False,False,False,False,False,False,False,False,True,False,False,False,0.3333333333333333,245,5.5053315359323625,0.00015128608934914412
1110050,Evan's Remains,2020-06-11,0.1092436974789916,False,True,True,False,False,False,True,False,False,False,False,False,False,False,False,False,False,False,False,False,True,False,False,False,0.2222222222222222,825,6.716594773520978,0.0007606328381165302
406970,The Uncertain: Last Quiet Day,2016-09-22,0.15966386554621848,False,True,False,False,False,False,True,False,False,False,False,False,False,False,False,False,False,False,False,False,True,False,False,False,0.4444444444444444,1608,7.3833681469923835,0.0015832509489525015
1477330,Soulestination,2021-01-05,0.04201680672268908,False,True,False,False,False,False,True,False,False,True,False,False,False,False,True,False,False,False,False,False,True,False,False,False,0.16666666666666666,549,6.309918278226516,0.00047066783353067056
703880,Swords and Soldiers 2 Shawarmageddon,2018-11-06,0.15966386554621848,True,False,False,False,False,False,True,False,False,False,False,False,False,False,True,False,False,False,False,False,False,False,True,False,0.3333333333333333,152,5.030437921392435,5.358048997782189e-05
434250,Masked Shooters 2,2016-01-14,0.008403361344537815,True,False,False,False,False,False,True,False,False,False,False,False,False,False,False,False,False,False,False,False,True,False,False,False,0.4444444444444444,608,6.411818267709897,0.0005326531062501117
323490,Oblivious Garden ~Carmina Burana,2014-12-12,0.2436974789915966,False,True,True,False,False,False,True,False,False,False,False,False,False,False,False,False,False,False,False,False,True,False,False,False,0.5555555555555556,442,6.093569770045136,0.0003582538643615149
1947530,Fidget Spinner RPG,2023-09-26,0.05882352941176471,False,False,True,False,False,False,True,False,False,True,False,False,True,False,False,False,False,False,False,False,True,False,False,False,0.05555555555555555,198,5.293304824724492,0.00010190799074213182
2287520,Five Nights at Freddy's: Help Wanted 2,2023-12-14,0.6638655462184875,False,False,False,False,False,False,True,False,False,False,False,False,True,False,False,False,False,False,False,False,True,False,False,False,0.05555555555555555,3853,8.256866848974312,0.003941843105819366
2574840,Go For A Punch! Saki Sanobashi,2023-09-14,0.008403361344537815,True,True,True,False,False,False,True,False,False,False,False,False,False,False,False,False,False,False,False,False,True,False,False,False,0.05555555555555555,152,5.030437921392435,5.358048997782189e-05
1916310,Remnant Records,2024-01-23,0.26050420168067223,True,False,False,False,False,False,True,False,False,False,False,False,False,False,False,False,False,False,False,False,True,False,False,False,0.0,386,5.958424693029782,0.00029942038517018107
1671360,Ereban: Shadow Legacy,2024-04-10,0.41176470588235287,True,True,False,False,False,False,True,False,False,False,False,False,False,False,False,False,False,False,False,False,True,False,False,False,0.0,172,5.153291594497779,7.459244683186969e-05
1061090,Jump King,2019-05-03,0.21008403361344538,True,True,False,False,False,False,True,False,False,False,False,False,False,False,False,False,False,False,False,False,True,False,False,False,0.2777777777777778,10552,9.26416545867109,0.010979798054082675
809850,Sudoku Zenkai / 数独全卡,2018-04-02,0.05882352941176471,False,False,True,False,False,False,True,False,False,False,False,False,False,False,True,False,False,False,False,False,True,False,False,False,0.3333333333333333,168,5.1298987149230735,7.039005546106012e-05
357300,Snakebird,2015-05-04,0.1092436974789916,False,False,False,False,False,False,True,False,False,False,False,False,False,False,False,False,False,False,False,False,True,False,False,False,0.5,797,6.682108597449809,0.0007312160985208634
285110,GearCity,2022-01-14,0.32773109243697474,False,False,False,False,False,False,True,False,False,False,False,False,True,False,True,False,False,False,False,False,True,False,False,False,0.1111111111111111,1269,7.146772179452637,0.0012270982802763913
1432100,The Bookwalker: Thief of Tales,2023-06-22,0.2436974789915966,False,True,False,False,False,False,True,False,False,False,False,False,False,False,False,False,False,False,False,False,True,False,False,False,0.05555555555555555,1270,7.147559271189454,0.0012281488781190936
2012140,Helicopter Gunship DEX,2022-12-01,0.2941176470588235,False,False,False,True,False,False,True,False,False,False,False,False,True,False,False,False,False,False,False,False,True,False,False,False,0.1111111111111111,137,4.927253685157205,3.782152233728603e-05
2875140,失业了，我获得了亿万游戏财产！,2024-08-08,0.21008403361344538,False,True,False,False,False,False,True,False,False,True,False,False,True,False,True,False,False,False,False,False,True,False,False,False,0.0,1766,7.4770384723196965,0.0017492454080994789
813540,Scheming Through The Zombie Apocalypse: The Beginning,2018-06-08,0.0033613445378151263,False,True,True,False,False,False,True,False,False,False,False,False,False,False,False,False,False,False,False,False,True,False,False,False,0.3333333333333333,291,5.676753802268282,0.00019961359011345405
1691320,Hellbreach: Vegas,2024-08-14,0.2436974789915966,True,False,False,False,False,False,True,False,False,False,False,False,False,False,False,False,False,False,False,False,True,False,False,False,0.0,426,6.056784013228625,0.00034144429887827667
1016770,Interrogation: You will be deceived,2019-12-05,0.03529411764705882,False,True,False,False,False,False,True,False,False,True,False,False,True,False,True,False,False,False,False,False,True,False,False,False,0.2777777777777778,283,5.648974238161206,0.00019120880737183492
1144020,GolfTopia,2021-03-30,0.32773109243697474,False,False,False,False,False,False,True,False,False,False,False,False,True,False,True,False,False,False,False,False,True,False,False,False,0.16666666666666666,437,6.082218910376446,0.00035300087514800296
1489590,Astronite,2022-11-30,0.054621848739495805,True,True,False,False,False,False,True,False,False,False,False,False,False,False,False,False,False,False,False,False,True,False,False,False,0.1111111111111111,105,4.663439094112067,4.202391370809565e-06
241760,Kill to Collect,2016-04-06,0.15966386554621848,True,True,False,False,False,False,True,False,False,False,False,False,False,False,False,False,False,False,False,False,True,False,False,False,0.4444444444444444,165,5.111987788356544,6.723826193295296e-05
1298530,Self-Isolation,2020-12-02,0.07563025210084033,True,True,False,False,False,False,True,False,False,False,False,False,True,False,False,False,False,False,False,False,True,False,False,False,0.2222222222222222,420,6.042632833682381,0.00033514071182206233
1950570,Tales from Toyotoki: Arrival of the Witch (The witch of the Ihanashi),2022-08-19,0.41159663865546214,False,True,False,False,False,False,True,False,False,False,False,False,False,False,False,False,False,False,False,False,True,False,False,False,0.1111111111111111,519,6.253828811575473,0.0004391498982495989
332790,Darkness Assault,2015-02-06,0.008403361344537815,True,False,False,False,False,True,True,False,False,False,False,False,False,False,False,True,False,False,False,False,True,False,False,False,0.5,547,6.306275286948016,0.0004685666378452658
2088650,Mist Slayer,2023-08-17,0.2941176470588235,True,False,False,False,False,False,True,False,False,True,False,False,False,False,False,False,False,False,False,False,True,False,False,False,0.05555555555555555,304,5.720311776607412,0.00021327136206858514
780020,True Puzzle,2018-06-22,0.0,False,False,True,False,False,False,True,False,False,False,False,False,False,False,True,False,False,False,False,False,True,False,False,False,0.3333333333333333,110,4.709530201312334,9.455380584321514e-06
872750,Guard Duty,2019-05-02,0.025210084033613446,False,True,False,False,False,False,True,False,False,False,False,False,False,False,False,False,False,False,False,False,True,False,False,False,0.2777777777777778,197,5.288267030694535,0.00010085739289942942
2005010,"Warhammer 40,000: Boltgun",2023-05-23,0.361344537815126,True,False,False,False,False,False,True,False,False,False,False,False,False,False,False,False,False,False,False,False,True,False,False,False,0.05555555555555555,12171,9.406893511016861,0.012680715961417843
1143810,Black Skylands,2023-08-15,0.32773109243697474,True,True,False,False,False,False,True,False,False,True,False,False,False,False,False,False,False,False,False,False,True,False,False,False,0.05555555555555555,2223,7.707062655370473,0.0022293686222144707
808010,Critadel,2021-10-12,0.32773109243697474,True,True,False,False,False,False,True,False,False,True,False,False,False,False,False,False,False,False,False,False,True,False,False,False,0.16666666666666666,188,5.241747015059643,9.140201231510792e-05
476490,Choice of the Pirate,2016-05-20,0.07563025210084033,False,True,False,False,False,False,True,False,False,True,False,False,False,False,False,False,False,True,False,False,False,False,False,False,0.4444444444444444,101,4.624972813284271,0.0
2802790,Why do you love me?,2024-02-11,0.008403361344537815,False,False,True,False,False,False,True,False,False,False,False,False,False,False,False,False,False,False,False,False,True,False,False,False,0.0,145,4.983606621708336,4.622630507890516e-05
2278830,GunSuit Guardians,2023-03-31,0.04201680672268908,True,False,True,True,False,False,True,False,False,True,False,False,False,False,False,False,False,False,False,False,True,False,False,False,0.05555555555555555,195,5.278114659230517,9.875619721402465e-05
335700,I am Weapon: Revival,2015-10-23,0.26050420168067223,True,False,False,False,False,False,True,False,False,True,False,False,False,False,False,False,False,False,False,False,True,False,False,False,0.5,233,5.455321115357702,0.00013867891523671545
1604000,Milk outside a bag of milk outside a bag of milk,2021-12-16,0.14285714285714285,False,False,True,False,False,False,True,False,False,False,False,False,False,False,False,False,False,False,False,False,True,False,False,False,0.16666666666666666,14828,9.60434000197507,0.015472154429478094
1591870,Drift Phonk 666,2021-04-16,0.0,True,True,False,False,False,False,True,False,False,False,True,False,False,False,False,False,False,False,False,False,True,False,False,False,0.16666666666666666,248,5.517452896464707,0.00015443788287725129
2341070,The Banished Vault,2023-07-25,0.41176470588235287,False,False,False,False,False,False,True,False,False,False,False,False,False,False,True,False,False,False,False,False,True,False,False,False,0.05555555555555555,158,5.0689042022202315,5.9884077034036225e-05
1392490,Forklift Load,2020-10-22,0.04201680672268908,False,True,False,False,False,False,True,False,False,False,False,False,True,False,False,False,False,False,False,False,True,False,False,False,0.2222222222222222,117,4.770684624465665,1.6809565483238232e-05
2051420,Beltex,2022-07-08,0.07563025210084033,False,False,True,False,False,False,True,False,False,False,False,False,True,False,True,False,False,False,False,False,True,False,False,False,0.1111111111111111,188,5.241747015059643,9.140201231510792e-05
1586880,Essays on Empathy,2021-05-18,0.21008403361344538,False,False,True,False,False,False,True,False,False,True,False,False,False,False,False,False,False,False,False,False,True,False,False,False,0.16666666666666666,147,4.997212273764115,4.832750076430993e-05
1102130,Florence,2020-02-13,0.09243697478991596,False,True,True,False,False,False,True,False,False,False,False,False,False,False,False,False,False,False,False,False,True,False,False,False,0.2222222222222222,11715,9.368710707947624,0.012201643345145554
2761610,Creator of Another World,2024-04-30,0.3109243697478991,False,False,False,False,False,False,True,False,False,True,False,False,False,False,False,False,False,False,False,False,True,False,False,False,0.0,181,5.204006687076795,8.404782741619119e-05
951750,I Am Dead,2020-10-08,0.32773109243697474,False,True,False,False,False,False,True,False,False,False,False,False,False,False,False,False,False,False,False,False,True,False,False,False,0.2222222222222222,345,5.846438775057725,0.0002563458736193831
1458930,Meridian 157: Chapter 2,2020-12-09,0.07563025210084033,False,True,True,False,False,False,True,False,False,False,False,False,False,False,False,False,False,False,False,False,True,False,False,False,0.2222222222222222,164,5.10594547390058,6.618766409025056e-05
201480,Serious Sam: The Random Encounter,2011-10-24,0.07563025210084033,True,False,False,False,False,False,True,False,False,True,False,False,False,False,False,False,False,False,False,False,True,False,False,False,0.7222222222222222,632,6.450470422144176,0.000557867454474969
1040230,Curious Expedition 2,2021-01-28,0.32773109243697474,False,True,False,False,False,False,True,False,False,True,False,False,True,False,True,False,False,False,False,False,True,False,False,False,0.16666666666666666,3424,8.138856750696325,0.003491136631300041
1083650,Super Naughty Maid,2019-05-31,0.26050420168067223,False,False,True,False,False,False,True,False,False,False,False,False,False,False,False,False,False,False,False,False,True,False,False,False,0.2777777777777778,254,5.541263545158426,0.00016074146993346562
738520,Breathedge,2021-02-25,0.41176470588235287,True,True,False,False,False,False,True,False,False,False,False,False,True,False,False,False,False,False,False,False,True,False,False,False,0.16666666666666666,12835,9.460009002229748,0.01337831292897223
1650810,Loopmancer,2022-07-13,0.41176470588235287,True,True,False,False,False,False,True,False,False,True,False,False,False,False,False,False,False,False,False,False,True,False,False,False,0.1111111111111111,445,6.100318952020064,0.0003614056578896221
798850,Achievement Lurker: Easiest Cosmetic Numbers,2018-03-21,0.025210084033613446,False,True,False,False,False,False,True,False,False,True,False,False,False,False,False,False,False,False,False,False,True,False,False,False,0.3333333333333333,111,4.718498871295094,1.0505978427023899e-05
1271300,Methods: The Detective Competition,2020-06-01,0.32773109243697474,False,False,True,False,False,False,True,False,False,False,False,False,False,False,True,False,False,False,False,False,True,False,False,False,0.2222222222222222,500,6.2166061010848646,0.0004191885392382535
826010,JQ: chemistry,2018-04-09,0.0,False,False,True,False,False,False,True,False,False,False,False,False,False,False,False,False,False,False,False,False,True,False,False,False,0.3333333333333333,130,4.875197323201151,3.0467337438369298e-05
1131920,LABYRINTH OF TOUHOU - GENSOKYO AND THE HEAVEN-PIERCING TREE,2021-08-23,0.49579831932773105,False,True,False,False,False,False,True,False,False,True,False,False,False,False,False,False,False,False,False,False,True,False,False,False,0.16666666666666666,307,5.730099782973574,0.0002164231555966923
838990,Endhall,2018-12-04,0.04201680672268908,False,False,False,False,False,False,True,False,False,False,False,False,False,False,True,False,False,False,False,False,True,False,False,False,0.3333333333333333,106,4.672828834461906,5.252989213511949e-06
242820,140,2013-10-16,0.07563025210084033,True,False,False,False,False,False,True,False,False,False,False,False,False,False,False,False,False,False,False,False,True,False,False,False,0.611111111111111,1938,7.569927655242652,0.0019299482370442901
1872860,Conrad Stevenson's Paranormal P.I.,2023-09-28,0.2436974789915966,False,False,True,False,False,False,True,False,False,False,False,False,True,False,False,False,False,False,False,False,True,False,False,False,0.05555555555555555,803,6.6895992691789665,0.0007375196855770776
441440,Sometimes Always Monsters,2020-04-02,0.32773109243697474,False,False,False,False,False,False,True,False,False,True,False,False,False,False,False,False,False,False,False,False,True,False,False,False,0.2222222222222222,118,4.77912349311153,1.786016332594063e-05
860910,Hentai 3018,2018-05-31,0.008403361344537815,True,False,True,False,False,False,True,False,False,False,False,False,False,False,False,False,False,False,False,True,False,False,False,False,0.3333333333333333,980,6.8885724595653635,0.0009234755037354006
1551520,Kamikaze Kommittee Ouka 2,2022-02-04,0.2436974789915966,True,True,False,False,False,False,True,False,False,True,False,False,False,False,False,False,False,False,False,False,True,False,False,False,0.1111111111111111,134,4.90527477843843,3.466972880917886e-05
706490,Little hidden city,2018-02-28,0.008403361344537815,False,True,True,False,False,False,True,False,False,False,False,False,False,False,False,False,False,False,False,False,True,False,False,False,0.3333333333333333,209,5.3471075307174685,0.00011346456701185809
1291790,Lakeview Cabin 2,2023-10-19,0.226890756302521,True,False,False,False,False,False,True,False,False,False,False,False,False,False,True,False,False,False,False,False,True,False,False,False,0.05555555555555555,488,6.192362489474872,0.00040658136512582485
1496590,Tchia,2024-03-21,0.2857142857142857,True,True,False,False,False,False,True,False,False,False,False,False,False,False,False,False,False,False,False,False,True,False,False,False,0.0,221,5.402677381872279,0.00012607174112428678
1068150,Dual Family I - IX,2019-09-16,0.1092436974789916,False,False,True,False,False,False,True,False,False,False,False,False,True,False,False,False,False,False,False,False,True,False,False,False,0.2777777777777778,169,5.135798437050262,7.144065330376252e-05
702670,Donut County,2018-08-28,0.21008403361344538,False,True,True,False,False,False,True,False,False,False,False,False,False,False,False,False,False,False,False,False,True,False,False,False,0.3333333333333333,8863,9.089753408987065,0.00920533829775834
466810,Soulslayer～灭魂·误佳期～,2017-07-13,0.15966386554621848,False,True,True,False,False,False,True,False,False,False,False,False,False,False,False,False,False,False,False,False,True,False,False,False,0.38888888888888884,563,6.335054251498059,0.0004853762033285041
824600,HROT,2023-05-16,0.32773109243697474,True,False,False,False,False,False,True,False,False,False,False,False,False,False,False,False,False,False,False,False,True,False,False,False,0.05555555555555555,4125,8.325063693631197,0.004227605719034416
461700,Seduce Me 2: The Demon War,2016-05-23,0.07563025210084033,False,True,True,False,False,False,True,False,False,True,False,False,True,False,False,False,False,False,False,False,True,False,False,False,0.4444444444444444,329,5.799092654460526,0.00023953630813614485
873490,不落城-Unconquered Castle,2018-10-12,0.15966386554621848,False,False,True,False,False,False,True,False,False,False,False,False,False,False,True,False,False,False,False,False,True,False,False,False,0.3333333333333333,106,4.672828834461906,5.252989213511949e-06
1302990,MARDEK,2020-06-03,0.15966386554621848,False,False,False,False,False,False,True,False,False,True,False,False,False,False,False,False,False,False,False,False,True,False,False,False,0.2222222222222222,241,5.488937726156687,0.00014708369797833458
275470,Chip,2014-04-25,0.07563025210084033,True,False,False,False,False,False,True,False,False,False,False,False,False,False,True,False,False,False,False,False,True,False,False,False,0.5555555555555556,182,5.209486152841421,8.509842525889359e-05
1418760,Claire's Quest: GOLD,2021-08-23,0.32773109243697474,False,True,False,True,False,False,True,False,False,True,False,False,True,False,False,False,False,False,False,False,True,False,False,False,0.16666666666666666,387,5.961005339623274,0.0003004709830128835
1223750,Cloud Meadow,2020-03-03,0.32773109243697474,False,False,True,True,False,False,True,False,False,True,False,False,True,False,False,False,False,False,False,False,True,False,False,False,0.2222222222222222,4169,8.335671314792847,0.0042738320241133216
848480,Creeper World 4,2020-12-03,0.41176470588235287,True,False,True,False,False,False,True,False,False,False,False,False,True,False,True,False,False,False,False,False,True,False,False,False,0.2222222222222222,3929,8.276394704863307,0.004021688541864747
2599950,Backwoods Town,2023-11-24,0.14285714285714285,False,True,False,True,False,False,True,False,False,False,False,False,True,False,False,False,False,False,False,False,True,False,False,False,0.05555555555555555,141,4.955827057601261,4.2023913708095595e-05
2681180,MULTIPLAYER CAVEMEN,2023-11-18,0.008403361344537815,False,False,False,False,False,False,True,False,False,False,False,False,False,False,False,False,False,False,False,False,True,False,False,False,0.05555555555555555,105,4.663439094112067,4.202391370809565e-06
291170,Royal Defense,2014-11-10,0.15966386554621848,False,True,True,False,False,False,True,False,False,False,False,False,False,False,True,False,False,False,False,False,True,False,False,False,0.5555555555555556,233,5.455321115357702,0.00013867891523671545
2258940,Mage Kanade's Futanari Dungeon Quest,2023-03-13,0.41176470588235287,True,False,False,False,False,False,True,False,False,True,False,False,False,False,False,False,False,False,False,False,True,False,False,False,0.05555555555555555,488,6.192362489474872,0.00040658136512582485
98900,Alien Hallway,2011-08-19,0.07563025210084033,True,False,True,False,False,False,True,False,False,False,False,False,False,False,True,False,False,False,False,False,True,False,False,False,0.7222222222222222,113,4.736198448394496,1.2607174112428681e-05
441050,Polandball: Can into Space!,2016-06-15,0.04201680672268908,False,False,True,False,False,False,True,False,False,True,False,False,False,False,False,False,False,False,False,False,True,False,False,False,0.4444444444444444,440,6.089044875446846,0.00035615266867611013
2004590,Conbunn Cardboard,2023-09-01,0.1092436974789916,False,True,True,False,False,False,True,False,False,False,False,False,False,False,False,False,False,False,False,False,True,False,False,False,0.05555555555555555,346,5.849324779946859,0.0002573964714620855
243200,The Dark Eye: Memoria,2013-08-29,0.32773109243697474,False,True,False,False,False,False,True,False,False,False,False,False,False,False,False,False,False,False,True,False,False,False,False,False,0.611111111111111,1899,7.549609165154532,0.0018889749211788967
393920,Auto Dealership Tycoon,2015-10-23,0.09243697478991596,False,False,False,False,False,False,True,False,False,False,False,False,True,False,False,False,False,False,False,False,True,False,False,False,0.5,174,5.1647859739235145,7.669364251727446e-05
1579660,Wyvia,2023-10-18,0.15966386554621848,True,True,False,False,False,False,True,False,False,True,False,False,False,False,False,False,False,False,False,False,True,False,False,False,0.05555555555555555,113,4.736198448394496,1.2607174112428681e-05
1449510,Henchman Story,2021-10-14,0.2436974789915966,False,True,False,False,False,False,True,False,False,False,False,False,False,False,False,False,False,False,False,False,True,False,False,False,0.16666666666666666,229,5.438079308923196,0.0001344765238659059
281370,Real Horror Stories Ultimate Edition,2014-04-01,0.025210084033613446,False,False,False,False,False,False,True,False,False,False,False,False,False,False,False,False,False,False,False,False,True,False,False,False,0.5555555555555556,941,6.848005274576363,0.0008825021878700074
2823080,Sketchy's Contract,2024-04-09,0.14285714285714285,True,True,False,True,False,False,True,False,False,False,False,False,False,False,False,False,False,False,False,False,True,False,False,False,0.0,688,6.535241271013659,0.0006167009336663029
346820,Crash Drive 3,2021-07-08,0.32773109243697474,True,False,True,False,False,False,True,False,False,False,True,False,False,False,False,False,False,False,False,False,True,False,False,False,0.16666666666666666,178,5.187385805840755,8.089603388808402e-05
420520,Lost Technology,2017-08-09,0.07563025210084033,False,False,False,False,False,False,True,False,False,False,False,False,True,False,False,False,False,False,False,False,True,False,False,False,0.38888888888888884,493,6.202535517187923,0.0004118343543393368
882960,Visitor 来访者,2018-07-07,0.05882352941176471,False,False,False,False,False,False,True,False,False,False,False,False,False,False,True,False,False,False,False,False,True,False,False,False,0.3333333333333333,707,6.56244409369372,0.0006366622926776483
1094420,Rainy Season,2020-08-19,0.05882352941176471,False,False,True,False,False,False,True,False,False,False,False,False,False,False,False,False,False,False,False,False,True,False,False,False,0.2222222222222222,481,6.1779441140506,0.00039922718022690815
237970,Memento Mori 2,2014-05-13,0.41176470588235287,False,True,False,False,False,False,True,False,False,False,False,False,False,False,False,False,False,False,False,False,True,False,False,False,0.5555555555555556,114,4.74493212836325,1.3657771955131079e-05
2017370,Trash Horror Collection,2022-06-16,0.09243697478991596,False,True,False,False,False,False,True,False,False,False,False,False,False,False,False,False,False,False,False,False,True,False,False,False,0.1111111111111111,399,5.991464547107982,0.00031307815712531216
1302780,Zombo Buster Advance,2020-08-06,0.07563025210084033,False,False,False,False,False,False,True,False,False,False,False,False,False,False,True,False,False,False,False,False,True,False,False,False,0.2222222222222222,144,4.976733742420574,4.517570723620276e-05
263860,SPACECOM,2014-09-17,0.15966386554621848,False,False,False,False,False,False,True,False,False,False,False,False,False,False,True,False,False,False,False,False,True,False,False,False,0.5555555555555556,178,5.187385805840755,8.089603388808402e-05
915230,Zombie Rollerz: Pinball Heroes,2022-03-02,0.2436974789915966,True,False,False,False,False,False,True,False,False,False,False,False,False,False,False,False,False,False,False,False,True,False,False,False,0.1111111111111111,266,5.58724865840025,0.0001733486440458943
1331910,Morkredd,2020-12-10,0.32773109243697474,False,False,False,False,False,False,True,False,False,False,False,False,False,False,False,False,False,False,False,False,True,False,False,False,0.2222222222222222,130,4.875197323201151,3.0467337438369298e-05
1554260,Knightly Passions,2024-04-26,0.19327731092436973,False,True,True,False,False,False,True,False,False,False,False,False,False,False,False,False,False,False,False,False,True,False,False,False,0.0,725,6.587550014824796,0.0006555730538462911
1379970,Solar System VR,2020-09-05,0.05882352941176471,False,True,False,False,False,False,True,False,False,False,False,False,True,False,False,False,False,False,False,False,True,False,False,False,0.2222222222222222,275,5.62040086571715,0.00018280402463021584
2761510,Handsome Me with 100 Girlfriends!,2024-04-11,0.15966386554621848,True,False,True,False,False,False,True,False,False,True,False,False,True,False,False,False,False,False,False,False,True,False,False,False,0.0,269,5.598421958998375,0.0001765004375740015
63500,Swords and Soldiers HD,2010-12-02,0.09243697478991596,True,False,True,False,False,False,True,False,False,False,False,False,False,False,True,False,False,False,False,False,False,False,True,False,0.7777777777777777,346,5.849324779946859,0.0002573964714620855
263360,3089 -- Futuristic Action RPG,2014-01-10,0.1092436974789916,True,False,False,False,False,False,True,False,False,True,False,False,False,False,False,False,False,False,False,False,True,False,False,False,0.5555555555555556,306,5.726847747587197,0.00021537255775398988
1210610,Lithium City,2020-06-15,0.12605042016806722,True,False,False,False,False,False,True,False,False,False,False,False,False,False,False,False,False,False,False,False,True,False,False,False,0.2222222222222222,252,5.53338948872752,0.00015864027424806088
251830,Stick it to The Man!,2013-12-13,0.12605042016806722,True,True,False,False,False,False,True,False,False,False,False,False,False,False,False,False,False,False,False,False,True,False,False,False,0.611111111111111,479,6.173786103901937,0.0003971259845415033
2696320,Thought Experiment Simulator,2024-07-22,0.07563025210084033,False,False,True,False,False,False,True,False,False,False,False,False,True,False,False,False,False,False,False,False,True,False,False,False,0.0,342,5.8377304471659395,0.00025319408009127594
851180,Blood Harvest 3,2018-06-05,0.32773109243697474,True,True,False,False,False,False,True,False,False,False,False,False,False,False,False,False,False,False,False,False,True,False,False,False,0.3333333333333333,171,5.147494476813453,7.354184898916729e-05
1128000,Cube World,2019-09-30,0.32773109243697474,False,True,False,False,False,False,True,False,False,True,False,False,False,False,False,False,False,False,False,False,True,False,False,False,0.2777777777777778,9684,9.178333575841096,0.010067879126617
1279260,Lelie Navigation!,2021-12-03,0.2436974789915966,False,False,False,False,False,False,True,False,False,True,False,False,False,False,False,False,False,False,False,False,True,False,False,False,0.16666666666666666,260,5.564520407322694,0.00016704505698967995
4000,Garry's Mod,2006-11-29,0.15966386554621848,False,False,True,False,False,False,True,False,False,False,False,False,True,False,False,False,False,False,False,False,True,False,False,False,1.0,951940,13.76625833706307,1.0
1097370,Paladin Lias,2020-07-21,0.09243697478991596,False,False,False,False,False,False,True,False,False,True,False,False,False,False,False,False,False,False,False,False,True,False,False,False,0.2222222222222222,419,6.040254711277414,0.00033409011397935996
1465070,Legendary Tales,2024-02-08,0.9159663865546219,True,True,False,False,False,False,True,False,False,True,False,False,True,False,False,False,False,False,False,False,True,False,False,False,0.0,2434,7.79770203551669,0.002451044767024675
1240480,-The Sacrificial Girl of the Fantasy 3 Kingdoms-,2022-02-24,0.0722689075630252,False,True,False,False,False,False,True,False,False,True,False,False,False,False,False,False,False,False,False,False,True,False,False,False,0.1111111111111111,183,5.214935757608986,8.614902310159596e-05
2190220,Touhou Danmaku Kagura Phantasia Lost,2024-02-07,0.49579831932773105,True,True,True,False,False,False,True,False,False,False,False,False,False,False,False,False,False,False,False,False,True,False,False,False,0.0,1461,7.2875606403097235,0.00142881306607525
2659960,Let's Go! My Harem Farm,2024-06-21,0.2436974789915966,False,True,False,False,False,False,True,False,False,True,False,False,True,False,False,False,False,False,False,False,True,False,False,False,0.0,131,4.882801922586371,3.1517935281071696e-05
1457320,Techtonica,2023-07-18,0.49579831932773105,False,False,False,True,False,False,True,False,False,False,False,False,True,False,True,False,False,False,False,False,True,False,False,False,0.05555555555555555,1893,7.546446273746024,0.0018826713341226827
427240,Cosmic Trip,2017-05-24,0.32773109243697474,True,True,False,False,False,False,True,False,False,False,False,False,False,False,True,False,False,False,False,False,True,False,False,False,0.38888888888888884,408,6.013715156042802,0.00032253353770963367
889480,Virtual Virtual Reality,2018-09-07,0.2436974789915966,False,True,False,False,False,False,True,False,False,False,False,False,False,False,False,False,False,False,False,False,True,False,False,False,0.3333333333333333,615,6.423246963533519,0.0005400072911490284
2844700,Doki Doki AI Interrogation,2024-05-24,0.05042016806722689,False,True,True,False,False,False,True,False,False,False,False,False,True,False,False,False,False,False,False,False,True,False,False,False,0.0,355,5.87493073085203,0.000266851852046407
710780,Sky Jump,2017-09-23,0.008403361344537815,True,False,True,False,False,False,True,False,False,False,False,False,False,False,False,False,False,False,False,True,False,False,False,False,0.38888888888888884,204,5.3230099791384085,0.00010821157779834615
950700,VICCP,2019-06-20,0.07563025210084033,False,True,True,False,False,False,True,False,False,False,False,False,True,False,False,False,False,False,False,False,True,False,False,False,0.2777777777777778,154,5.043425116919247,5.568168566322666e-05
352430,Farlight Explorers,2019-02-01,0.15966386554621848,False,False,False,False,False,False,True,False,False,False,False,False,True,False,True,False,False,False,False,False,True,False,False,False,0.2777777777777778,187,5.236441962829949,9.035141447240552e-05
280720,Imagine Earth,2021-05-25,0.41176470588235287,False,False,False,False,False,False,True,False,False,False,False,False,True,False,True,False,False,False,False,False,True,False,False,False,0.16666666666666666,736,6.602587892189336,0.0006671296301160176
1521970,Goblin Stone,2024-03-12,0.41176470588235287,False,False,False,False,False,False,True,False,False,True,False,False,False,False,True,False,False,False,False,False,True,False,False,False,0.0,674,6.51471269087253,0.0006019925638684693
2168260,Forgotten Seas,2024-06-07,0.3067226890756302,True,True,False,True,False,False,True,False,False,False,False,False,True,False,False,False,False,False,False,False,True,False,False,False,0.0,167,5.123963979403259,6.933945761835773e-05
1276810,The Outbound Ghost,2022-09-20,0.32773109243697474,False,True,False,False,False,False,True,False,False,True,False,False,False,False,False,False,False,False,False,False,True,False,False,False,0.1111111111111111,216,5.37989735354046,0.00012081875191077482
1331550,Big Ambitions,2023-03-10,0.3781512605042016,False,False,False,True,False,False,True,False,False,False,False,False,True,False,False,False,False,False,False,False,True,False,False,False,0.05555555555555555,8858,9.089189170412032,0.009200085308544827
1145340,Rogue State Revolution,2021-03-18,0.2436974789915966,False,False,False,False,False,False,True,False,False,False,False,False,True,False,True,False,False,False,False,False,True,False,False,False,0.16666666666666666,425,6.054439346269371,0.0003403937010355743
2621420,The Elision Effect,2024-05-31,0.04201680672268908,False,True,True,False,False,False,True,False,False,False,False,False,False,False,False,False,False,False,False,False,True,False,False,False,0.0,105,4.663439094112067,4.202391370809565e-06
1201550,Mad Experiments: Escape Room,2020-04-16,0.2436974789915966,False,True,True,False,False,False,True,False,False,False,False,False,True,False,True,False,False,False,False,False,True,False,False,False,0.2222222222222222,219,5.393627546352362,0.000123970545438882
1537080,Return,2023-05-29,0.26050420168067223,False,True,False,False,False,False,True,False,False,True,False,False,False,False,False,False,False,False,False,False,True,False,False,False,0.05555555555555555,140,4.948759890378168,4.09733158653932e-05
400510,The Final Take,2016-06-16,0.025210084033613446,False,True,False,False,False,False,True,False,False,False,False,False,False,False,False,False,False,False,False,False,True,False,False,False,0.4444444444444444,251,5.529429087511423,0.00015758967640535845
1140170,Arietta of Spirits,2021-08-20,0.2436974789915966,True,True,False,False,False,False,True,False,False,False,False,False,False,False,False,False,False,False,False,False,True,False,False,False,0.16666666666666666,376,5.932245187448011,0.0002889144067431572
941460,Death Trash,2021-08-05,0.32773109243697474,True,False,False,True,False,False,True,False,False,True,False,False,False,False,False,False,False,False,False,False,True,False,False,False,0.16666666666666666,3178,8.064321960910803,0.0032326895619952532
1267310,[Chilla's Art] Onryo | 怨霊,2020-04-24,0.07563025210084033,True,True,True,False,False,False,True,False,False,False,False,False,True,False,False,False,False,False,False,False,True,False,False,False,0.2222222222222222,152,5.030437921392435,5.358048997782189e-05
1348300,大千世界,2020-07-17,0.05882352941176471,False,True,False,False,False,False,True,False,False,True,False,False,False,False,False,False,False,False,False,False,True,False,False,False,0.2222222222222222,2257,7.722234744709607,0.002265088948866352
2307220,TSUNDERE MILFIN,2023-05-17,0.05882352941176471,False,False,True,False,False,False,True,False,False,False,False,False,False,False,False,False,False,False,False,False,True,False,False,False,0.05555555555555555,229,5.438079308923196,0.0001344765238659059
1853830,A Shot in the Dark,2023-12-14,0.15966386554621848,False,False,False,True,False,False,True,False,False,False,False,False,False,False,False,False,False,False,False,False,True,False,False,False,0.05555555555555555,138,4.9344739331306915,3.887212017998843e-05
929010,Swag and Sorcery,2019-05-09,0.21008403361344538,False,True,False,False,False,False,True,False,False,True,False,False,True,False,True,False,False,False,False,False,True,False,False,False,0.2777777777777778,2247,7.717796211013582,0.002254582970439328
284460,DeadCore,2014-10-17,0.15966386554621848,True,False,False,False,False,False,True,False,False,False,False,False,False,False,False,False,False,False,False,False,True,False,False,False,0.5555555555555556,1561,7.3537223303996315,0.001533872850345489
1227280,Despot's Game: Dystopian Battle Simulator,2022-09-29,0.32773109243697474,False,False,False,False,False,False,True,False,False,True,False,False,False,False,True,False,False,False,False,False,True,False,False,False,0.1111111111111111,2626,7.87359778968554,0.002652759552823534
270450,Robot Roller-Derby Disco Dodgeball,2015-02-19,0.025210084033613446,True,False,False,False,False,False,True,False,False,False,False,False,False,True,False,False,False,False,False,False,True,False,False,False,0.5,2241,7.715123603632105,0.002248279383383114
1878740,Five Nights At Floppa,2022-02-17,0.04201680672268908,True,False,False,False,False,False,True,False,False,False,False,False,False,False,False,False,False,False,False,False,True,False,False,False,0.1111111111111111,868,6.767343125265392,0.0008058085453527329
2244130,Ratopia,2023-11-05,0.32773109243697474,False,True,True,True,False,False,True,False,False,False,False,False,True,False,True,False,False,False,False,False,True,False,False,False,0.05555555555555555,2567,7.850882664809852,0.002590774280104093
2620500,imomushi,2023-10-26,0.025210084033613446,True,False,False,False,False,False,True,False,False,False,False,False,False,False,False,False,False,False,False,False,True,False,False,False,0.05555555555555555,183,5.214935757608986,8.614902310159596e-05
339910,Uncraft World,2015-09-25,0.15966386554621848,True,False,False,True,False,False,True,False,False,False,False,False,False,False,False,False,False,False,False,False,True,False,False,False,0.5,417,6.035481432524756,0.00033198891829395517
1316390,Thermo Sudoku,2020-05-25,0.07563025210084033,False,False,True,False,False,False,True,False,False,False,False,False,False,False,True,False,False,False,False,False,True,False,False,False,0.2222222222222222,149,5.0106352940962555,5.0428696449714725e-05
2076260,Slaughter Horse 2,2022-12-05,0.09243697478991596,False,False,True,True,False,False,True,False,False,True,False,False,False,False,True,False,False,False,False,False,True,False,False,False,0.1111111111111111,102,4.634728988229636,1.050597842702398e-06
350070,Environmental Station Alpha,2015-04-22,0.12605042016806722,True,True,False,False,False,False,True,False,False,False,False,False,False,False,False,False,False,False,False,False,True,False,False,False,0.5,1206,7.095893221097532,0.0011609106161861408
1551530,Pray Game,2023-09-22,0.41176470588235287,False,True,False,False,False,False,True,False,False,True,False,False,False,False,False,False,False,False,False,False,False,False,False,True,0.05555555555555555,403,6.0014148779611505,0.0003172805484961217
2277320,Necrosmith 2,2024-03-27,0.05882352941176471,False,True,False,False,False,False,True,False,False,False,False,False,True,False,True,False,False,False,False,False,True,False,False,False,0.0,830,6.7226297948554485,0.0007658858273300422
461520,Grizzly Valley,2016-04-23,0.07563025210084033,True,True,False,False,False,False,True,False,False,False,False,False,False,False,False,False,False,False,False,False,True,False,False,False,0.4444444444444444,207,5.337538079701318,0.00011136337132645332
1684400,Best Month Ever!,2022-05-05,0.32773109243697474,False,True,False,False,False,False,True,False,False,False,False,False,False,False,False,False,False,False,False,False,True,False,False,False,0.1111111111111111,109,4.700480365792417,8.40478274161913e-06
449730,Ahnayro: The Dream World,2016-12-01,0.07563025210084033,False,True,True,False,False,False,True,False,False,False,False,False,False,False,True,False,False,False,False,False,True,False,False,False,0.4444444444444444,208,5.342334251964811,0.00011241396916915572
1504340,CrushBorgs,2022-06-10,0.07563025210084033,True,False,False,False,False,False,True,False,False,False,False,False,False,False,False,False,False,False,False,False,True,False,False,False,0.1111111111111111,112,4.727387818712341,1.1556576269726297e-05
1243420,Sanguine Rose,2020-04-17,0.2436974789915966,False,True,True,False,False,False,True,False,False,False,False,False,True,False,True,False,False,False,False,False,True,False,False,False,0.2222222222222222,155,5.049856007249537,5.673228350592906e-05
220820,Zombie Driver HD,2012-10-17,0.15966386554621848,True,False,False,False,False,False,True,False,False,False,True,False,False,False,False,False,False,False,False,False,True,False,False,False,0.6666666666666666,2591,7.860185057472165,0.00261598862832895
2766860,MY DESTINY GIRLS,2024-03-28,0.15966386554621848,False,True,False,False,False,False,True,False,False,True,False,False,True,False,True,False,False,False,False,False,True,False,False,False,0.0,507,6.230481447578482,0.0004265427241371702
222140,Puddle,2012-11-09,0.12605042016806722,True,False,False,False,False,False,True,False,False,False,False,False,True,False,False,False,False,False,False,False,True,False,False,False,0.6666666666666666,347,5.8522024797744745,0.0002584470693047879
383330,Star Chronicles: Delta Quadrant,2015-07-07,0.025210084033613446,False,False,False,False,False,False,True,False,False,False,False,False,False,False,True,False,True,False,False,False,False,False,False,False,0.5,143,4.969813299576001,4.4125109393500364e-05
2336730,Dungeon Survivors,2024-02-23,0.07563025210084033,True,False,True,False,False,False,True,False,False,True,False,False,False,False,False,False,False,False,False,False,True,False,False,False,0.0,134,4.90527477843843,3.466972880917886e-05
342560,Airships: Conquer the Skies,2018-08-16,0.41176470588235287,True,False,False,False,False,False,True,False,False,False,False,False,False,False,True,False,False,False,False,False,True,False,False,False,0.3333333333333333,5263,8.568646473005153,0.0054231860640297355
283680,Astebreed: Definitive Edition,2014-05-30,0.32773109243697474,True,False,False,False,False,False,True,False,False,False,False,False,False,False,False,False,False,False,False,False,True,False,False,False,0.5555555555555556,1191,7.083387847625295,0.0011451516485456049
1755350,BBQ Simulator: The Squad,2022-05-25,0.05882352941176471,False,False,True,False,False,False,True,False,False,False,False,False,True,False,False,False,False,False,False,False,True,False,False,False,0.1111111111111111,815,6.704414354964107,0.0007501268596895063
1323000,Space Court,2020-06-25,0.04201680672268908,False,False,False,False,False,False,True,False,False,True,False,False,False,False,False,False,False,False,False,False,True,False,False,False,0.2222222222222222,141,4.955827057601261,4.2023913708095595e-05
1937620,Tennis Manager 2022,2022-05-17,0.15966386554621848,False,False,False,False,False,False,True,False,False,False,True,False,True,True,True,False,False,False,False,False,True,False,False,False,0.1111111111111111,113,4.736198448394496,1.2607174112428681e-05
1016920,Unrailed!,2020-09-23,0.32773109243697474,True,False,True,False,False,False,True,False,False,False,False,False,False,False,False,False,False,False,False,False,True,False,False,False,0.2222222222222222,12436,9.42843117965374,0.012959124389733977
1144030,Pesterquest,2019-09-04,0.19327731092436973,False,True,False,False,False,False,True,False,False,True,False,False,False,False,False,False,False,False,False,False,True,False,False,False,0.2777777777777778,1204,7.094234845924755,0.001158809420500736
789950,INFERNIUM,2018-04-03,0.49579831932773105,False,True,False,False,False,False,True,False,False,False,False,False,False,False,False,False,False,False,False,False,True,False,False,False,0.3333333333333333,161,5.087596335232384,6.303587056214339e-05
2644360,Kingsgrave,2024-04-17,0.15966386554621848,True,True,False,False,False,False,True,False,False,True,False,False,False,False,False,False,False,False,False,False,True,False,False,False,0.0,333,5.811140992976701,0.00024373869950695444
1766790,100 hidden birds 2,2021-10-08,0.001680672268907564,False,True,True,False,False,False,True,False,False,False,False,False,False,False,False,False,False,False,False,False,True,False,False,False,0.16666666666666666,400,5.993961427306569,0.00031412875496801454
1057680,人间 The Lost We Lost,2019-04-30,0.05882352941176471,False,True,True,False,False,False,True,False,False,False,False,False,True,False,False,False,False,False,False,False,True,False,False,False,0.2777777777777778,2204,7.6984827878809465,0.0022094072632031256
1262460,Zompiercer,2020-04-03,0.32773109243697474,True,True,False,True,False,False,True,False,False,False,False,False,False,False,False,False,False,False,False,False,True,False,False,False,0.2222222222222222,1817,7.505492274737424,0.0018028258980773008
246090,Spacebase DF-9,2014-10-27,0.15966386554621848,False,False,False,False,False,False,True,False,False,False,False,False,True,False,True,False,False,False,False,False,True,False,False,False,0.5555555555555556,3307,8.104099056143582,0.003368216683703861
1955030,SCP: EVENT CLASSIFIED,2024-04-26,0.15966386554621848,True,False,False,True,False,False,True,True,False,False,False,False,False,False,False,False,False,False,False,False,True,False,False,False,0.0,197,5.288267030694535,0.00010085739289942942
1835870,The Black Cat Magician,2022-01-21,0.05882352941176471,False,True,False,False,False,False,True,False,False,True,False,False,False,False,False,False,False,False,False,False,True,False,False,False,0.1111111111111111,215,5.375278407684165,0.00011976815406807242
1393320,Keyword: A Spider's Thread,2021-09-27,0.27731092436974786,False,False,False,False,False,False,True,False,False,False,False,False,False,False,False,False,False,False,False,False,True,False,False,False,0.16666666666666666,225,5.420534999272286,0.00013027413249509632
954870,Astrox Imperium,2019-03-22,0.2436974789915966,True,True,False,True,False,False,True,False,False,True,False,False,True,False,False,False,False,False,False,False,True,False,False,False,0.2777777777777778,1016,6.92461239604856,0.0009612970260726866
215670,Home,2012-08-31,0.07563025210084033,False,True,False,False,False,False,True,False,False,False,False,False,False,False,False,False,False,False,False,False,True,False,False,False,0.6666666666666666,1109,7.01211529430638,0.001059002625444009
2689230,FURRY BACKROOMS,2024-03-25,0.04201680672268908,True,True,True,False,False,False,True,True,False,False,False,False,True,False,False,False,False,False,False,False,True,False,False,False,0.0,293,5.683579767338681,0.00020171478579885884
1002430,Victory Road,2020-03-10,0.32773109243697474,True,False,False,True,False,False,True,False,False,False,False,False,True,True,True,False,False,False,False,False,True,False,False,False,0.2222222222222222,172,5.153291594497779,7.459244683186969e-05
1052440,Croixleur Sigma - Deluxe Edition,2019-11-18,0.32773109243697474,True,False,True,False,False,False,True,False,False,False,False,False,False,False,False,False,False,False,False,False,True,False,False,False,0.2777777777777778,111,4.718498871295094,1.0505978427023899e-05
302670,Call to Arms,2018-04-27,0.2436974789915966,True,False,False,False,False,False,True,False,False,False,False,False,True,False,True,False,False,False,False,False,True,False,False,False,0.3333333333333333,15942,9.676775140407365,0.016642520426248555
2749770,Galaxy Burger,2024-08-23,0.19327731092436973,False,False,True,False,False,False,True,False,False,False,False,False,True,False,False,False,False,False,False,False,True,False,False,False,0.0,639,6.461468176353717,0.0005652216393738857
1520270,Kyvir: Rebirth,2021-01-31,0.12605042016806722,False,True,False,True,False,False,True,False,False,True,False,False,False,False,True,False,False,False,False,False,True,False,False,False,0.16666666666666666,353,5.869296913133774,0.00026475065636100224
431120,Tethered,2017-02-27,0.3109243697478991,False,False,False,False,False,False,True,False,False,False,False,False,False,False,True,False,False,False,False,False,True,False,False,False,0.38888888888888884,197,5.288267030694535,0.00010085739289942942
2093920,Dread Dawn,2024-09-30,0.32773109243697474,True,True,False,False,False,False,True,False,False,True,False,False,False,False,False,False,False,False,False,False,True,False,False,False,0.0,1344,7.20414929203594,0.0013058931184790705
2553050,Estate Agent Simulator,2023-11-13,0.26050420168067223,False,False,False,True,False,False,True,False,False,False,False,False,True,False,False,False,False,False,False,False,True,False,False,False,0.05555555555555555,454,6.12029741895095,0.0003708610384739436
1159690,Voidtrain,2023-05-09,0.49579831932773105,True,True,False,True,False,False,True,False,False,True,False,False,True,False,False,False,False,False,False,False,True,False,False,False,0.05555555555555555,4567,8.426830751335846,0.004691969965508872
201290,Sins of a Solar Empire: Trinity®,2011-11-16,0.15966386554621848,False,False,False,False,False,False,True,False,False,False,False,False,False,False,True,False,False,False,False,False,True,False,False,False,0.7222222222222222,655,6.486160788944089,0.0005820312048571239
701160,Kingdom Two Crowns,2018-12-11,0.32773109243697474,False,True,False,False,False,False,True,False,False,False,False,False,True,False,True,False,False,False,False,False,True,False,False,False,0.3333333333333333,23255,10.054318442238712,0.024325542449931133
1330470,F.I.S.T.: Forged In Shadow Torch,2021-10-02,0.1680672268907563,True,True,False,False,False,False,True,False,False,True,False,False,True,True,False,False,False,False,False,False,True,False,False,False,0.16666666666666666,5769,8.660427359502146,0.0059547885724371445
48000,LIMBO,2011-08-02,0.15966386554621848,True,True,False,False,False,False,True,False,False,False,False,False,False,False,False,False,False,False,False,False,True,False,False,False,0.7222222222222222,33518,10.419867721215448,0.035107828109585765
102600,Orcs Must Die!,2011-10-11,0.15966386554621848,True,False,False,False,False,False,True,False,False,False,False,False,False,False,True,False,False,False,False,False,True,False,False,False,0.7222222222222222,6147,8.723882104658486,0.006351914556978648
1043340,No Time,2019-04-14,0.1764705882352941,True,True,False,True,False,False,True,False,False,True,False,False,True,False,False,False,False,False,False,False,True,False,False,False,0.2777777777777778,1520,7.327123292259293,0.001490798338794691
226620,Desktop Dungeons,2023-04-18,0.2436974789915966,False,True,True,False,False,False,True,False,False,True,False,False,False,False,True,False,False,False,False,False,True,False,False,False,0.05555555555555555,1110,7.01301578963963,0.0010600532232867112
819230,Gothicc Breaker,2018-03-28,0.025210084033613446,False,False,True,False,False,False,True,False,True,False,False,True,False,False,False,False,False,False,False,False,True,False,False,False,0.3333333333333333,135,4.912654885736052,3.572032665188126e-05
1092000,Naked Story,2019-07-13,0.41176470588235287,False,True,True,False,False,False,True,False,False,True,False,False,False,False,False,False,False,False,False,False,True,False,False,False,0.2777777777777778,115,4.7535901911063645,1.4708369797833464e-05
2167220,The Bible,2022-11-14,0.07563025210084033,False,False,False,False,False,False,True,False,False,False,False,False,False,False,False,False,False,False,False,False,True,False,False,False,0.1111111111111111,663,6.498282149476434,0.0005904359875987431
1608450,Hellslave,2022-05-26,0.32773109243697474,False,True,False,False,False,False,True,False,False,True,False,False,False,False,True,False,False,False,False,False,True,False,False,False,0.1111111111111111,535,6.284134161070802,0.00045595946373283715
312720,Khet 2.0,2014-10-01,0.15966386554621848,False,False,True,False,False,False,True,False,False,False,False,False,False,False,True,False,False,False,False,False,True,False,False,False,0.5555555555555556,114,4.74493212836325,1.3657771955131079e-05
1297300,The Shore,2021-02-19,0.19327731092436973,True,True,False,False,False,False,True,False,False,False,False,False,False,False,False,False,False,False,False,False,True,False,False,False,0.16666666666666666,1488,7.305860032684009,0.0014571792078282146
80350,Blackwell Convergence,2012-01-13,0.07563025210084033,False,True,False,False,False,False,True,False,False,False,False,False,False,False,False,False,False,False,False,False,True,False,False,False,0.6666666666666666,460,6.133398042996649,0.00037716462553015793
454350,Days of War: Definitive Edition,2020-02-04,0.41176470588235287,True,False,False,False,False,False,True,False,False,False,False,False,False,False,False,False,False,False,False,False,True,False,False,False,0.2222222222222222,1365,7.2196420401307355,0.0013279556731758207
1999520,CATO: Buttered Cat,2024-09-05,0.15798319327731092,False,True,True,False,False,False,True,False,False,False,False,False,False,False,False,False,False,False,False,False,True,False,False,False,0.0,1157,7.05444965813294,0.0011094313218937236
219640,Chivalry: Medieval Warfare,2012-10-16,0.41176470588235287,True,False,False,False,False,False,True,False,False,False,False,False,False,False,False,False,False,False,False,False,True,False,False,False,0.6666666666666666,44920,10.712660670403343,0.04708674471207841
291010,The Hat Man: Shadow Ward,2016-06-10,0.15966386554621848,True,True,False,False,False,False,True,False,False,False,False,False,False,False,False,False,False,False,False,False,True,False,False,False,0.4444444444444444,2843,7.952966790923131,0.0028807392846899524
2455340,Together in Between,2024-09-02,0.1092436974789916,False,False,True,False,False,False,True,False,False,False,False,False,False,False,False,False,False,False,False,False,True,False,False,False,0.0,173,5.159055299214529,7.564304467457206e-05
355520,The Albino Hunter (Original),2015-03-11,0.07563025210084033,False,True,False,False,False,False,True,False,False,True,False,False,False,False,False,False,False,False,False,False,True,False,False,False,0.5,274,5.616771097666572,0.00018175342678751342
925950,Here Comes Niko!,2021-08-03,0.41176470588235287,True,True,False,False,False,False,True,False,False,False,False,False,False,False,False,False,False,False,False,False,True,False,False,False,0.16666666666666666,940,6.846943139585379,0.0008814515900273051
1644280,The Jewel of Monostructure,2021-11-17,0.09243697478991596,False,True,False,False,False,False,True,False,False,False,False,False,False,False,False,False,False,False,False,False,True,False,False,False,0.16666666666666666,104,4.653960350157523,3.1517935281071804e-06
456750,The Room Three,2018-11-13,0.09243697478991596,False,True,False,False,False,False,True,False,False,False,False,False,False,False,False,False,False,False,False,False,True,False,False,False,0.3333333333333333,10989,9.304741047397666,0.01143890931134362
1907380,Arcane Vale,2022-12-16,0.19327731092436973,True,True,False,False,False,False,True,False,False,True,False,False,False,False,False,False,False,False,False,False,True,False,False,False,0.1111111111111111,129,4.867534450455582,2.9416739595666927e-05
1771980,The Operator,2024-07-22,0.19159663865546217,False,True,False,False,False,False,True,False,False,False,False,False,True,False,False,False,False,False,False,False,True,False,False,False,0.0,3840,8.253488028345904,0.003928185333864235
712190,Genesis Alpha One Deluxe Edition,2020-02-25,0.05882352941176471,True,True,False,False,False,False,True,False,False,True,False,False,True,False,False,False,False,False,False,False,True,False,False,False,0.2222222222222222,1427,7.2640301428995295,0.001393092739423369
851730,Sandmade,2018-05-16,0.008403361344537815,False,False,True,False,False,False,True,False,False,False,False,False,False,False,False,False,False,False,False,False,True,False,False,False,0.3333333333333333,194,5.272999558563747,9.770559937132226e-05
863980,ORIX!,2018-05-29,0.008403361344537815,False,True,True,False,False,False,True,False,False,False,False,False,False,False,False,False,False,False,False,False,True,False,False,False,0.3333333333333333,108,4.6913478822291435,7.354184898916732e-06
1441180,Dofamine,2021-05-27,0.2436974789915966,False,True,True,False,False,False,True,False,False,False,False,False,True,False,False,False,False,False,False,False,True,False,False,False,0.16666666666666666,141,4.955827057601261,4.2023913708095595e-05
255320,Edna & Harvey: The Breakout,2013-10-25,0.2436974789915966,False,True,False,False,False,False,True,False,False,False,False,False,False,False,False,False,False,False,True,False,False,False,False,False,0.611111111111111,1247,7.129297548929373,0.0012039851277369387
1220840,Retirement Simulator,2022-04-19,0.226890756302521,False,False,True,True,False,False,True,False,False,True,False,False,True,False,True,False,False,False,False,False,True,False,False,False,0.1111111111111111,3838,8.252967195000798,0.00392608413817883
1274570,DEVOUR,2021-01-28,0.15966386554621848,False,False,False,False,False,False,True,False,False,False,False,False,False,False,False,False,False,False,False,False,True,False,False,False,0.16666666666666666,61465,11.026239455390717,0.06446888601958944
2052040,Golden Lap,2024-09-26,0.2436974789915966,False,False,True,False,False,False,True,False,False,False,True,False,True,True,True,False,False,False,False,False,True,False,False,False,0.0,181,5.204006687076795,8.404782741619119e-05
2752530,Sect And Monsters,2024-01-24,0.07563025210084033,False,False,True,False,False,False,True,False,False,True,False,False,True,False,False,False,False,False,False,False,True,False,False,False,0.0,129,4.867534450455582,2.9416739595666927e-05
1310330,Goodbye Volcano High,2023-08-29,0.32941176470588235,False,True,False,False,False,False,True,False,False,False,False,False,False,False,False,False,False,False,False,False,True,False,False,False,0.05555555555555555,1340,7.201170883281678,0.0013016907271082608
301200,Frederic: Evil Strikes Back,2014-05-23,0.12605042016806722,True,False,True,False,False,False,True,False,False,False,False,False,False,False,False,False,False,False,False,False,True,False,False,False,0.5555555555555556,585,6.373319789577012,0.0005084893558679566
1171820,Creme de la Creme,2019-11-27,0.12605042016806722,False,True,True,False,False,False,True,False,False,True,False,False,False,False,False,False,False,True,False,False,False,False,False,False,0.2777777777777778,114,4.74493212836325,1.3657771955131079e-05
218640,Lucius,2012-10-26,0.15966386554621848,True,True,False,False,False,True,True,False,False,False,False,False,False,False,False,True,False,False,False,False,True,False,False,False,0.6666666666666666,7243,8.887928819003305,0.007503369792580468
896160,Evil Bank Manager,2018-12-07,0.09243697478991596,False,False,False,False,False,False,True,False,False,False,False,False,True,False,True,False,False,False,False,False,True,False,False,False,0.3333333333333333,1628,7.395721608602045,0.001604262905806549
1862660,garage:VAMP,2022-05-16,0.07563025210084033,False,False,True,False,False,False,True,False,False,False,False,False,False,False,False,False,False,False,False,False,True,False,False,False,0.1111111111111111,156,5.056245805348308,5.778288134863143e-05
91600,Sanctum,2011-04-15,0.15966386554621848,True,False,True,False,False,False,True,False,False,False,False,False,False,False,True,False,False,False,False,False,True,False,False,False,0.7222222222222222,1922,7.56164174558878,0.0019131386715610518
70420,Chantelise - A Tale of Two Sisters,2011-07-29,0.15966386554621848,True,False,False,False,False,False,True,False,False,True,False,False,False,False,False,False,False,False,False,False,True,False,False,False,0.7222222222222222,615,6.423246963533519,0.0005400072911490284
1435790,Escape Simulator,2021-10-19,0.32773109243697474,False,True,True,False,False,False,True,False,False,False,False,False,True,False,False,False,False,False,False,False,True,False,False,False,0.16666666666666666,13269,9.493261127326253,0.013834272392705068
